Гаврищук Тетяна Григорівна,3927
Геращенко Ігор Володимирович,3746
Блохін Анатолій Андрійович,3641
Ястребова Любов Вікторівна,3444
Ханова Р.Ф.,3284
Арабей Тетяна Георгіївна,3256
Гімон М.М.,3192
Міронова Галина Михайлівна,3075
Юрченко В.П.,2987
Олендер І.Я.,2895
Лічевецький Ігор Олександрович,2892
Сіваченко Ігор Вікторович,2885
Берназюк Я.О.,2865
Саржевська І. В.,2704
Компанієць Ірина Дмитрівна,2704
Шипуліна Т.М.,2704
Гончарова І.А.,2645
Фастовець В. М.,2588
Казначеєв Едуард Геннадійович,2557
Хохуляк В.В.,2542
Іванчук В. М.,2540
Усатий В.О.,2510
Попова Оксана Гнатівна,2500
Епель Оксана Володимирівна,2497
Ус О. В.,2484
Федулеєва Ю. О.,2478
Пащенко К.С.,2450
Кучма Андрій Юрійович,2409
Кузьменко Володимир Володимирович,2388
Слюсар Л. П.,2388
Бившева Л.І.,2359
Мельничук Володимир Петрович,2324
Бегунц А.О.,2319
Шурко Олег Іванович,2314
Чаку Євген Васильович,2304
Садовський К. С.,2264
Татаринов Дмитро Вікторович,2260
Пилипенко Олена Євгеніївна,2252
Карпин І. М.,2247
Василенко Ярослав Миколайович,2245
Вєкуа Н.Г.,2238
Кондратьєва Н. А.,2230
Мельнікова Л.В.,2229
Колесник С. А.,2222
Примак Сергій Анатолійович,2219
Желтобрюх І.Л.,2209
Васильєва І.А.,2205
Аліменко Володимир Олександрович,2193
Сацький Роман Вікторович,2192
Чаплицький В. В.,2185
Карпушова Олена Віталіївна,2179
Вівдиченко Тетяна Романівна,2176
Степанюк Анатолій Германович,2162
Кононенко З.О.,2155
Волошин В. О.,2139
Федотов Ігор В'ячеславович,2138
Кузнецов Р. О.,2138
Чеберяк П.П.,2121
Білоус О.В.,2119
Ключкович Василь Юрійович,2119
Калиновський В.А.,2119
Прасов Олександр Олександрович,2104
Коваленко Н.В.,2091
Пасічник С.С.,2086
Кравчук В.М.,2079
Парінов Андрій Борисович,2071
Баркова Н. В.,2068
Муратова С. О.,2067
Губська Людмила Вікторівна,2062
Єфіменко Ольга Володимирівна,2057
Файдюк Віталій Васильович,2055
Собків Ярослав Мар'янович,2049
Хвостик С. Г.,2042
Донець В.А.,2034
Григоров А.М.,2032
Земляна Галина Володимирівна,2014
Владимиренко Ігор Вячеславович,2011
Спаскін О.А.,2004
Донець Л.О.,1999
Кононенко О. Ю.,1995
Бартош Н.С.,1984
Домусчі Л. В.,1982
Ганечко Олена Миколаївна,1976
Левченко Т. А.,1976
Подобайло З.Г.,1959
Ральченко І.М.,1956
Чишій С. С.,1945
Беспалов Олександр Олександрович,1944
Криворотенко В. І.,1943
Бенедик А.П.,1941
Сіпака Андрій Васильович,1939
Нестеренко С. Г.,1936
Прийомова О. Ю.,1928
Бужак Наталія Петрівна,1924
Ніколенко Д. М.,1912
Камбул М. О.,1905
Гайдар Андрій Володимирович,1902
Каліуш О. В.,1896
Єрмоленко В. Б.,1883
Бєлостоцька О. В.,1876
Безименна Наталія Вікторівна,1874
Присяжнюк О.В.,1873
Сарат Н. О.,1862
Чалий А. В.,1858
Любчич Л.В.,1857
Бєлова Людмила Василівна,1845
Євстигнеєва Надія Михайлівна,1842
Бучик А.Ю.,1832
Батрин О. В.,1829
Максименко Лілія Яковлівна,1824
Стародуб О.П.,1824
Костюк Любов Олександрівна,1822
Тонконоженко М. М.,1822
Коваль С.М.,1817
Науменко Я. О.,1814
Собина О. І.,1806
Черняхович Ірина Едуардівна,1804
Мавродієва М.В.,1803
Катунов В.В.,1800
Комшелюк Т.О.,1799
Панченко О.В.,1799
Осаулов А. А.,1798
Перцова Т.С.,1793
Гусак М.Б.,1793
Кравцова А. В.,1787
Кузьменко А.І.,1784
Лазаренко Максим Сергійович,1777
Недашківська К.М.,1765
Мартиненко В. С.,1764
Келеберда В.І.,1758
Попов В. В.,1757
Амельохін В.В.,1751
Сорочко Євген Олександрович,1749
Сагайдак В.В.,1748
Білак С.В.,1746
Новікова Інна Вячеславівна,1739
Рум’янцева Н. О.,1739
Заічко О.В.,1737
Калитка О.М.,1731
Мельников Р.В.,1727
Шальєва В.А.,1721
Українець В. В.,1720
Мороз Л.Л.,1710
Барильська А. П.,1708
Тацій Л.В.,1708
Чалий І.С.,1703
Чудак О.М.,1694
Костенко В. Г.,1691
Колдіна О. О.,1688
Гулевець О.В.,1679
Шкірай М. І.,1673
Спірідонов М.О.,1669
Бондар Я. М.,1669
Гуцал М.І.,1668
Конишева Олена Василівна,1664
Чудних С.О.,1660
Побережна Н. П.,1656
Мар'єнко Л.М.,1656
Смородінова О.Г.,1652
Літвінова М.Є.,1646
Азізбекян Т.А.,1645
Кушнова А.О.,1639
Єфіменко Н. В.,1634
Малінов О. С.,1633
Калашник Юлія Вікторівна,1631
Бідонько А.В.,1631
Сліденко А.В.,1627
Мороко А.С.,1625
Капинос Оксана Валентинівна,1623
Кордюкова Ж. І.,1614
Дроздова С.С.,1612
Божко Л.А.,1611
Гордієнко Т. О.,1610
Ткачук С. С.,1604
Бабаєв А.І.,1602
Дубас Т. В.,1602
Чуванова А. М.,1599
Бойко О. М.,1597
Шаренко С. Л.,1597
Ясенова Т.І.,1590
Старосєльцева О.В.,1589
Семенчук Н.О.,1587
Хоменко В. С.,1587
Семененко Я.В.,1586
Зубакова В. П.,1586
Шендрик К. Л.,1575
Олейняш Е.М.,1570
Бойченко Юлія Петрівна,1569
Кривич Ж. О.,1568
Шрамко Ю.Т.,1565
Вознюк С. М.,1563
Максименко О. Ю.,1560
Дурасова Ю.В.,1560
Усенко Є.А.,1559
Демиденко Ю. Ю.,1558
Шелест І. М.,1557
Сидоренко І. О.,1556
Друзенко Н.В.,1555
Кошкош О.О.,1555
Чебикіна С.О.,1553
Огурцов О.П.,1550
Франовська К.С.,1548
Зоркіна Ю.В.,1546
Божко В. В.,1546
Шеметенко Л.П.,1545
Шевченко О. В.,1544
Писанець В. А.,1541
Труханович В. В.,1536
Мельник В.В.,1534
Шлай А.В.,1534
Стрельнікова Наталя Вікторівна,1528
Третяк О. Г.,1525
Юрко І.В.,1524
Семенюк Г.В.,1518
Волошин Д.А.,1518
Єпішин Ю. М.,1517
Бояринцева М.А.,1514
Каракашьян С.К.,1511
Михайлик А.С.,1509
Бершов Г.Є.,1506
Мазур Ю. Ю.,1505
Головко О.В.,1505
Наумик О. О.,1503
Грєхова О.А.,1502
Чередніченко Н. П.,1497
Єгупенко В.В.,1496
Зарютін П. В.,1495
Щербаков В.В.,1495
Щаслива О. В.,1492
Жигилій С.П.,1492
Шарапа В.М.,1490
Сидоренко А. П.,1489
Бадюков Ю.В.,1487
Рубан В.В.,1486
Бабій О. М.,1486
Лях О.П.,1485
Бєльченко Л. А.,1484
Бєлік Вікторія Геннадіївна,1482
Пустовіт О. Г.,1482
Петренко Наталія Едуардівна,1481
Малиш Н.І.,1481
Середа Л. В.,1480
Клочкова Н.В.,1478
Турецька І.О.,1476
Назаренко Наталія Григорівна,1474
Маруліна Л.О.,1473
Аканов О.О.,1471
Пінкевич Н. С.,1471
Панна Світлана Павлівна,1466
Мусулевський Я. А.,1465
Чубай В. В.,1463
Мацишин Л. С.,1462
Юзькова О. Л.,1462
Піхур О. В.,1461
Остапчук Т. В.,1461
Борисенко І.І.,1460
Кеся Наталія Борисівна,1458
Качур І.А.,1458
Шевченко О.В.,1457
Абухін Р. Д.,1457
Семенишин О. З.,1450
Устинов І. А.,1449
Коваленко І. В.,1448
Пронька В. В.,1447
Крусян А.В.,1446
Стойка В.В.,1445
Горохов І.С.,1445
Птичкіна В.В.,1444
Медінцева Н. М.,1442
Предоляк О. С.,1441
Виниченко Л. М.,1441
Рудник М. І.,1440
Литовченко О. В.,1439
Добродняк І.Ю.,1439
Гончарова А. О.,1437
Федоріщев С. С.,1436
Зозуля Д.П.,1432
Баранов Д.О.,1431
Манько Геннадій Валерійович,1430
Ткаченко О.В.,1430
Бондар В. Я.,1428
С.С. Сич,1427
Требух Н. В.,1427
Мороз А. О.,1426
Орєхов О. І.,1424
Куценко Т. Р.,1423
Щербаков С.О.,1423
Смагар С.В.,1414
Журавель Валентина Іванівна,1412
Погребна К.Ф.,1408
Бутенко М. В.,1407
Давиденко Т.В.,1405
Вадовська Л. М.,1402
Кисіль Роман Валерійович,1400
Лук'янчук О.В.,1400
Кабанячий Ю. В.,1398
Чепурнов Д.В.,1398
Ремецькі О.Ф.,1398
Ліпинський Олександр Вікторович,1397
Ткаченко С. В.,1396
Салтан Л. Г.,1396
Мірошниченко Л. Є.,1396
Круговий О.О.,1395
Спаських Н.М.,1394
Клименко А. Я.,1392
Корсун В.Л.,1391
В.С. Шембелян,1389
Соп`яненко Оксана Юріївна,1388
Мирошниченко Д. В.,1388
Майдан С. І.,1385
Білова О.В.,1385
Чернявська Л. М.,1384
Лісовська Н. В.,1382
Петрюк Т. М.,1381
Проскуряков К.В.,1380
Зінченко А.В.,1379
Мінаєв І. М.,1377
Спичак О.М.,1376
Кармазін О.А.,1374
Косик С. М.,1368
Марченко Н. Ю.,1367
Удалова О.Г.,1366
Ржепецький В.О.,1365
Борис О. Н.,1365
Сафронова С.В.,1364
Яковенко М.М.,1361
Скрипка І.М.,1358
Шейко Т.І.,1357
Капустинський М.М.,1357
Ващенко Т.М.,1356
Трофименко Т.Ю.,1354
Ваврушак Н. М.,1353
Демченко Е. Л.,1353
Новікова Рита Георгіївна,1351
Дмитрієв В.С.,1351
А.М. Бабич,1347
Панкеєва Вікторія Анатоліївна,1346
Біоносенко В. В.,1346
Чинчин О.В.,1345
Каращук Т. О.,1344
Карапута Л. В.,1343
Курило Валентина Панасівна,1342
Чабаненко С.В.,1340
Чумак С.Ю.,1340
Єжов В. А.,1339
Бітов А.І.,1337
Козлов Ю. В.,1334
Опалинська О. П.,1334
Лазарєв В.В.,1333
Савченко Л. І.,1332
Женеску Е. В.,1331
Невінгловська Ю.М.,1329
Таварткіладзе О. М.,1328
Посохов І. С.,1327
Андрієць Д. Д.,1326
Балац С.В.,1323
Мартюк А.І.,1323
Ковальчук Л. М.,1322
Войнарівський М. М.,1321
Шидловський В.Б.,1320
Рибачук А.І.,1319
Кравченко К.В.,1319
Чорний І. Я.,1319
Біленський О.О.,1319
Католікян М. О.,1316
Дмитрюк О. В.,1315
Арсірій Р.О.,1313
Гонтар Д. О.,1311
Мельниченко Ірина Федорівна,1311
Супрун Ю.О.,1310
Стеценко В. А.,1309
Чередник В. Є.,1308
Дорошенко Н.О.,1307
Крапівіна О. П.,1307
Дудар О.М.,1307
Казак С. Ю.,1305
Мачуський О. М.,1305
Ісаєнко Юлія Анатоліївна,1303
Іващенко Ю. А.,1303
Хацько Н. О.,1301
Кочанова П.В.,1300
Т.В. Смішлива,1299
Синельников Євген Володимирович,1297
Байбара Г. А.,1297
Фролова І. В.,1296
Логвіна Т. В.,1296
Дєєв Микола Владиславович,1295
Присяжнюк О.О.,1294
Безрук Т. В.,1292
Врона А. О.,1292
Єщенко О.В.,1290
Скочок Т.О.,1289
Шуляк Любов Анатоліївна,1289
Ільков Василь Васильович,1285
Камша Ніна Миколаївна,1285
Загинайко Тетяна Володимирівна,1285
Погрібніченко І.М.,1284
Дикунська С.Я.,1284
Грищенко Є.І.,1283
Шляхова О.М.,1283
Гонтар А. Л.,1281
Панов М.М.,1280
Власенко М. Д.,1278
Ступак Ольга В`ячеславівна,1276
Польська М. В.,1275
Подлісна Ірина Миколаївна,1274
Бондаренко В. М.,1274
С.В. Борзаниця,1274
Шляхтицький О.І.,1273
Луняченко В. О.,1271
Бойко Р.В.,1271
Т.І. Чернявська,1271
Соловей Г. В.,1270
Фомін В. А.,1269
Вовк С. В.,1269
Крат Василь Іванович,1265
Стас Л.В.,1264
Кузьменко Л.В.,1264
Цісельський О.В.,1263
Букіна О. М.,1263
Підченко Ю.О.,1263
Здоровиця О. В.,1260
Черенкова Н. П.,1258
Васильків О. В.,1257
Бородіна Н. М.,1257
Багрова А. Г.,1255
Макаров В. О.,1254
Лизенко І. В.,1253
Тарасенко І.М.,1253
Аверкова В.В.,1251
І.Г. Шевченко,1251
А.В. Руденко,1250
Шевченко Т. М.,1249
Красвітна Т. П.,1249
Кабакова В.Г.,1248
Єлізаренко І. А.,1246
Градовський Ю.М.,1246
Кузьменко В.А.,1245
Березовський О. Д.,1244
Савченко А.А.,1242
Карабань В. М.,1242
Разіна Т.І.,1242
С.О. Кульчицький,1242
Городецький Д. І.,1241
Анцупова Т.О.,1239
Мандриченко О.В.,1238
Горяйнов Андрій Миколайович,1238
Радченко Г. А.,1238
Токарева Марія Сергіївна,1236
Г.В. Костенко,1235
Потоцька Н. В.,1235
А.Г. Секірська,1234
Іванов С.М.,1233
Овсяннікова А. І.,1233
Кухар М.Д.,1231
В.П. Тимошенко,1230
О.А. Черниш,1230
Свитка С. Л.,1229
Коноваленко М. І.,1228
Шереметьєва Л. А.,1228
Добрянська Я.І.,1227
Стрелець Т.Г.,1225
Н.Ю. Алєксєєва,1225
Філь О. Є.,1223
Сташків Р.Б.,1223
Головіна К.І.,1222
Редько О. В.,1222
Бичков І. Г.,1219
Буравльов С.І.,1219
Горшкова О.О.,1218
Голубова Л.Б.,1218
Шевчук О.П.,1217
Винниченко П. П.,1216
Семененко Марина Олександрівна,1216
Назаренко Г. В.,1216
Єршова Л. С.,1215
Бурлака І. В.,1215
Бахаєв І. М.,1215
Блажівська Н.Є.,1215
Черних О. М.,1214
Шевченко Н.М.,1213
Желєзний І.В.,1213
Багбая Є. Д.,1211
К.О. Пляшкова,1210
Панченко О.М.,1210
Бишевська Н.А.,1208
Антоненко М. В.,1203
Котельницька Вікторія Леонідівна,1203
Голуб В.А.,1203
Крилюк М. І.,1202
Рудаков І. П.,1202
Гребенюк В. В.,1202
Горбачова Ю. В.,1200
Кузьмишина Олена Миколаївна,1199
Марцішевська О. М.,1199
Бойко А.В.,1198
Малих О.В.,1197
Смокович М.І.,1197
Бондаренко О. В.,1197
Ступакова І.Г.,1195
Котков О.В.,1195
Гнатик Г. Є.,1194
Семенюк Микола Миколайович,1193
Іоннікова І.А.,1193
Маслюк Н. В.,1191
Литвин О. В.,1191
Яковлєв О.В.,1190
Боровицький О. А.,1190
Маміна О. В.,1189
Смирнова Ю.М.,1189
Хаустова Т. А.,1188
Суський О. І.,1188
Потабенко Л. В.,1188
Боєва О.С.,1187
Гринь Н. Г.,1185
Добрівська Н.А.,1184
Котенко О. А.,1183
Позарецька С. М.,1183
Петричкович А.І.,1183
Димерлій О.О.,1182
Ільяшевич О. В.,1182
Бондаренко Г.П.,1180
А.Б. Головко,1180
Писанець Н. В.,1178
Рога Н. В.,1177
Матійчук Г. О.,1177
Смелянець Г.Є.,1177
Калініченко Л. В.,1177
Мудрий С.М.,1176
Давченко Т.М.,1176
Макаров М. О.,1176
Лебеженко В. О.,1175
Боженко Наталія Василівна,1174
Охрімчук І.Г.,1172
Блажко І. О.,1171
Руденко М.А.,1171
Ільєва Т. Г.,1170
Джарти В.В.,1170
Беркещук Б. Б.,1169
Тимошевська В.В.,1169
Семіряд І. В.,1168
Калашнікова О. І.,1167
Берлімова Ю. Г.,1166
Бескровний Я. В.,1165
Волков Р.В.,1165
Н.І. Слободянюк,1164
Первушин Юрій Юрійович,1164
Цвірюк Д. В.,1164
Сіренко О.І.,1164
Зеленіна Н.І.,1163
Юрків О. Р.,1162
Яцун О. С.,1162
Грищенко О. В.,1162
Терентьєв Г. В.,1161
Фаловська Ірина Миколаївна,1161
Григорович П.О.,1160
Матохнюк Д.Б.,1160
В.В. Гаращенко,1160
Клименчук Н.М.,1159
Вдовичинський А. В.,1159
Степаненко О. А.,1159
Мальченко А.О.,1159
Шамотайло О. В.,1159
Данилевич Н.А.,1158
Попов М. С.,1158
Ткаченко А. В.,1158
Кухтін Г. О.,1158
Висоцька Валентина Степанівна,1157
Штелик Світлана Павлівна,1156
Грамчук І.В.,1156
Гарбуз О. А.,1155
Олійник Віктор Миколайович,1155
Зінченко Н.Г.,1154
Федорчук А.Б.,1153
Чередниченко В.Є.,1153
Мірошниченко М.В.,1153
Прохоренко В. В.,1153
Москаленко В. В.,1153
Якименко Л. Г.,1152
Лиходєдов А. В.,1152
Шенцева О. П.,1151
Зуб Г. А.,1150
Віхрова Вікторія Станіславівна,1150
Яковенко А.В.,1150
Смирнов В. В.,1149
Вербицька Н. В.,1149
Чиркін С.М.,1148
Пилипчук Н. П.,1146
Смолій І.В.,1144
Прохоров С.А.,1144
Кучма Костянтин Сергійович,1143
Мазур А.С.,1143
Котеньов О.Г.,1143
Бугрій В. М.,1143
Хопта Сергій Федорович,1143
Прокопчук Т.С.,1143
Верба Ірина Олександрівна,1142
Кругова С. С.,1141
Плахотнюк К. Г.,1141
Є.Б. Супрун,1140
Гуденко О. А.,1140
Є.О. Кисельова,1140
Царапора О. П.,1139
А.О. Чеснокова,1138
Колодіна Л. В.,1137
Приходченко О. С.,1137
Савицький О. А.,1136
Шевчук О.А.,1136
Агрикова О.В.,1136
Павлійчук А. В.,1133
Падій В.В.,1133
Христофоров А.Б.,1131
Білостоцький О. В.,1131
Юхтенко Л.Р.,1131
Літвінова І. А.,1130
Яцина В. Б.,1130
Юзефович І. О.,1129
Курдельчук І.Д.,1129
Юлдашев О.О.,1129
Моцний В. С.,1126
Грищенко І. О.,1126
Черевко П. М.,1125
Батрак Інна Володимирівна,1125
Скользнєва Н. Г.,1125
Мартєв Сергій Юрійович,1123
О.В. Ірметова,1122
Волоско І. Р.,1121
Галущенко Ю. А.,1119
Чорногуз М.Г.,1118
Джепа Юлія Артурівна,1118
Бондар О. О.,1118
Гонтарук В. М.,1117
Пономаренко Н. В.,1117
Ковальчук Т. А.,1117
Ващенко Л. Г.,1116
Гут С.Ф.,1115
Бондарчук Я. П.,1115
Мінаєва К.В.,1114
Шинкарьова І.В.,1113
Коротун О.М.,1112
Зелінська М. Б.,1109
Кушнір С. І.,1109
Киричук О.А.,1108
Крилова О. В.,1108
Куц Т. О.,1107
Гусинський М. О.,1106
Перекопський М. М.,1106
Урупа І. В.,1105
Сліпець Надія Євгенівна,1105
Стеценко С.Г.,1104
Конєва Світлана Олександрівна,1103
Диба О. В.,1102
Губська Я. В.,1100
Ніколайчук Світлана Василівна,1099
Коренюк А. М.,1099
Полотнянко Ю.П.,1098
Свистунова О. В.,1098
Граб Л.С.,1097
С.В. Воловик,1097
Мельник І. Г.,1096
Борискін С.А.,1095
Бєссонова Т. Д.,1095
Глоба М. М.,1094
Ярмак О.М.,1094
Тітов О.М.,1093
Ватаманюк Р.В.,1093
Вовченко О. А.,1092
Литвинова І. В.,1092
Присяжнюк Л. М.,1092
Янчук В. В.,1092
Галатіна О.О.,1091
Хомченко Л. І.,1091
Суховаров Артем Володимирович,1090
Горовенко Анна Василівна,1090
Ю.П. Пасічник,1089
Лаченкова О. В.,1088
Купавська Н. М.,1087
С.С. Бойко,1086
Дудіков А. В.,1085
Голобутовський Роман Зіновійович,1085
Варенко О. П.,1085
Коротун Вадим Михайлович,1083
Ягічева Н.І.,1083
Козачок І.С.,1082
Мельник О.М.,1081
Є.Д. Кравченко,1081
Усатенко І.В.,1080
Драчук Т. О.,1080
Сорока О. В.,1079
Шевченко Л. В.,1079
І.В. Тихонов,1079
Квєтка І. А.,1078
Юрлагіна Т. В.,1078
Жук Г.А.,1076
Тулянцева Інна Василівна,1076
Ковганич С. В.,1075
Журавель В.О.,1075
Томаш В. І.,1074
Костенко Д.А.,1073
Луспеник Дмитро Дмитрович,1073
Степанова Л.В.,1072
Блонський В.К.,1071
Ніточко Л. Й.,1070
Гордій В. І.,1070
Картавцева Ю.В.,1069
К.Є. Петросян,1067
Олішевська В.В.,1067
Ралець Р. В.,1066
Марченко Н. В.,1066
І.О. Свергун,1066
Петренко В. С.,1066
Кониченко О.М.,1064
Івченко Т. П.,1064
Боброва І. В.,1063
Рудь Ірина Анатоліївна,1063
Семчук О.С.,1062
Єзеров А.А.,1062
Мацький Є.М.,1062
Макаренко Я.М.,1062
Кучерук І. Г.,1062
Зубець Л.П.,1061
Мясківська І. М.,1060
Сівакова В.В.,1060
Вергопуло А. К.,1060
Мєзєнцев Євген Ігорович,1060
Аркатова К. В.,1059
Ступак С. В.,1059
Петрюченко М. І.,1058
Літвінов С.В.,1058
Літвіненко Н. А.,1058
Біла Л.М.,1058
Григоренко І. В.,1056
Сулім В.В.,1055
Величко О. В.,1055
Коваленко І. П.,1055
Тичкова О. Ю.,1054
О.В. Гіглава,1054
Цибенко І. В.,1053
Майстренко Наталія Миколаївна,1052
Желєзна С.П.,1052
Бондарєв Едуард Миколайович,1051
Вознюк Р. В.,1051
Шкурдова Л.М.,1050
Цховребова М. Г,1048
О.М. Кунець,1047
Білоконь Олена Валеріївна,1047
Баруліна Т. Є.,1046
Татарінова О. А.,1045
Васильєв Олег Юрійович,1042
Захарчук-Борисенко Наталія Віталіївна,1042
Клікунова А. С.,1042
Макаренко Т.В.,1041
Шевцова Л. М.,1040
Іваненко О. В.,1039
І.С. Шевяков,1039
Алексєєв А.П.,1038
Кузнєцов Віктор Олексійович,1037
Лобарчук О. О.,1037
Колодій Н.А.,1037
Ткаченко І. Ю.,1036
О.О. Кукоба,1036
Зеленов А.С.,1036
Стрільчук Віктор Андрійович,1035
Антонюк О. А.,1035
Швець В. М.,1035
Мілєва Ірина Вікторівна,1034
О.А. Прилипчук,1033
Ковтун С.А.,1033
Клочко І. В.,1033
Попрас В. О.,1033
Должко С. Р.,1032
Смірнова Н. А.,1032
Огренич І. В.,1031
Бусик О. Л.,1030
Дем'янченко С. М.,1030
Сапальова Т.В.,1030
Пономаренко Є.Ю.,1030
Привалов А.І.,1028
Дерех Надія Володимирівна,1028
К.І. Клочко,1027
Смірнова Л.Г.,1027
Присакар О. Я.,1027
Тиханський О. Б.,1025
Н.М. Басова,1025
Ушак І.Г.,1025
Заїкін А. П.,1024
Сащенко І. С.,1023
Шелєхова Г. В.,1022
Малярчук І.А.,1022
Хитров Б. В.,1022
Куцкір Ю. Ю.,1021
Пастернак І. А.,1021
Дідиченко М.А.,1021
Блажівська О.Є.,1020
Кісь П. В.,1020
Данилова М.В.,1020
Яровенко Н. О.,1019
Онищенко Е. А.,1018
Курова О. І.,1018
Череповський Є.В.,1017
Борщов І. О.,1017
Циганенко А.І.,1016
Лавренчук Ольга Володимирівна,1016
Гончар М. С.,1016
Шевченко І. М.,1016
Овдієнко В. В.,1015
Шишов Олег Олексійович,1014
Троцька А. І.,1013
Марфіна Н. В.,1011
Ковальова Ю. В.,1011
Дацюк О. І.,1010
Подус Г. С.,1010
Головань О.В.,1010
Герцов О. М.,1010
Сторчак В. Ю.,1009
Комплєктова Т. О.,1009
Коротких Андрій Юрійович,1009
Хандурін В. В.,1009
Крапівницька Н. Л.,1009
Пукшин Л.Г.,1008
Прудник Сергій Володимирович,1008
Грінчук О. П.,1007
Пасько М.В.,1007
Васильченко І.П.,1007
Мальцев Д. О.,1006
Пащенко Т. П.,1006
Радченко Л. А.,1005
Погрібний Сергій Олексійович,1004
Материнко М. О.,1003
Кирилюк Н. А.,1002
Потапчук В.О.,1002
Подорець О. Б.,1002
Ларіонова Н. М.,1002
Попревич В. М.,1001
Усик Григорій Іванович,1001
Бруховський Є. Б.,1001
Антоненко Наталія Олександрівна,1001
Михальська Ю.Б.,1000
Корбут В. В.,1000
Коваль М.П.,1000
Чекменьов Г.А.,999
Романченко Євген Юрійович,998
Смілянець Е. С.,998
Гудим Любомир Ярославович,998
Джабурія О.В.,997
Гумега О.В.,997
Бондар Марина Володимирівна,997
Гриців М.І.,996
Комлева О. С.,996
Шкамерда К. С.,995
Пригара Л.І.,995
Пронін С. Г.,995
Арапіна Н. Є.,995
В.О. Павлічек,994
Радченко В. Є.,994
Морозов С.М.,994
Кирилюк Т.Ю.,993
Лісовська О. В.,993
Баранюк Андрій Зіновійович,993
Кисельов В. К.,993
Соловйова Анастасія Євгенівна,992
Крамаренко І. А.,991
Ковалевська Л. М.,990
Кравчук Г.А.,990
Фролова Л. Д.,988
Князєв В. Б.,988
Матковська Зоряна Мирославівна,988
Карягіна Н. О.,988
Черніцька І. М.,988
Коваленко П. Л.,987
Зінченко О. М.,987
Мозговая Н.А.,987
Яризько В.О.,986
Бабаш Г.П.,984
Катющенко В.П.,983
Нос Степан Петрович,982
Марич Є. В.,982
Науменко С. М.,982
Осіпов Ю.В.,981
Подіновська Г. В.,981
Красота Олександр Іванович,980
Владимирська І. М.,979
Мицик С. А.,979
Фазикош О. В.,979
Панова Т. Л.,978
С.М. Гелета,977
Янцовська Т. М.,976
М.М. Шаповал,976
Попко Ярослав Степанович,976
Пашкіна С.А.,974
Букіна Лілія Євгенівна,974
Т.М. Кармазина,974
Босий В.П.,974
Городнича В. С.,972
Ченцова С. М.,970
Левченко А. М.,970
Кідиба Т. О.,969
Горбалінський Володимир Володимирович,969
Бородавкіна С.В.,969
Басова Н. В.,969
Залімський І. Г.,969
Прилуцький В. О.,969
Тищенко А.І.,969
Нешик О.С.,969
Миргород В. С.,968
Сімоненко Валентина Миколаївна,968
Коробенко Г.П.,967
Пахолюк А. М.,967
Артемчук В. М.,966
Черняк Юлія Валеріївна,965
Зінченко А. С.,965
Абдукадирова К.Е.,965
Перекупка І. Г.,964
Косач І. А.,964
Колодяжна І. М.,964
Чернюк Алла Юріївна,964
Поліщук Т. В.,964
Іванова О. М.,963
Літвіна Наталія Миколаївна,963
Сільченко В. Є.,963
Мірінович Уляна Анатоліївна,962
Іванко Л.А.,962
Онишкевич Тарас Володимирович,962
Павлова Ж. П.,961
Курило А. В.,961
Логвінов А. О.,960
Дмитришена Руслана Миколаївна,960
Шарко О. П.,960
Турбіна Т. Ф.,960
Турлакова Наталія Василівна,960
Дубовик Р. Є.,959
Хлистуненко О. В.,957
Федорова О.В.,957
Кльопов І.Г.,957
Міщенко Т. М.,956
Смага С. В.,955
Бровченко І. О.,955
Куценко М. О.,953
Кухар С. В.,953
Вікторович Н. Ю.,953
Смирнов Г. С.,952
Карпенко Світлана Олексіївна,952
Юзіков Станіслав Георгійович,951
Гірняк Л. А.,951
С.О. Бондар,951
С.О. Удовіченко,951
Скалозуб Ю.О.,950
Улицький Василь Зіновійович,950
Соломко І.І.,950
Мартиць Оксана Іванівна,950
Алєксєєнко В. М.,949
Замега О. В.,949
Грегуль О. В.,948
Шавула В. С.,948
Олійник Алла Сергіївна,947
Безкровний І. Г.,947
Антонік Сергій Георгійович,947
Коваль Роман Йосипович,946
Щавинська Ю.М.,945
Куриленко О. М.,945
Бондаренко Г. В.,945
Дубровна В.А.,944
П'ятковський В. І.,944
Мельник В.І.,943
Харченко А. М.,943
Желясков О. О.,943
Мельник І. О.,943
Ніколаєнко І. В.,943
Аракелян М. М.,943
А.В. Сагун,943
Поляков О. З.,942
Драгомерецький М. М.,942
Капшук Л. О.,942
Сидоренко Ю. В.,942
Бучинський А. Б.,941
Корольова Г. Ю.,941
Терещенко О. Є.,941
Лабань Г.В.,941
Пліш Михайло Антонович,940
Лаврова Л.С.,938
Л.М. Опімах,938
Ореховська О.О.,937
Штих Т. В.,937
Яценко Є. І.,937
Приходько І.В.,936
Матущак В.В.,936
Петренко Ігор Васильович,936
Жукова О. Є.,934
Лічман Л.В.,934
Савуляк Р. В.,933
Ширіна С. А.,933
Андрухів В. В.,933
Мишкіна М.А.,931
Сушко О.О.,930
Бершадська О. В.,930
Грачов В.М.,930
Оксюта Т. Г.,930
Муранова-Лесів І. В.,929
Усатова І. А.,929
Саприкіна І.В.,928
Сидорук А.М.,928
Курко О. П.,928
Лозицька Ірина Олександрівна,927
Безрук Т.М.,927
Совгира Д. І.,927
Войтов Г. В.,927
Майстер П.М.,926
Шклярук В. М.,926
Загороднюк А.Г.,925
Чередко Антон Євгенович,925
Каратаєва Л. О.,925
Ніколенко Михайло Олександрович,925
Катрич О. М.,924
Житняк Л.О.,924
Іванов А. П.,924
Галацевич О. М.,923
Рубіжний С. О.,922
Довгополов Олександр Михайлович,922
Медведський М. Д.,922
Салтан Л. В.,922
Цюра Т. В.,921
Притуляк І. О.,921
Кашпур О.В.,921
Боговський Д. Є.,920
Савченко Д. М.,920
Пінчук В.І.,920
Довга Ольга Іванівна,920
Руденко В. В.,919
Мельникова І. Д.,918
Скляренко В. М.,918
Коваленко О. Б.,918
Лисенко В.І.,918
Бруновська Надія Володимирівна,917
Тарновецький І.І.,917
Козлова Н. Ю.,916
Фоменко І. М.,916
Євтюшенкова В. І.,915
Козак О. В.,914
Педенко А. М.,913
Зотько Т. А.,911
Гуцал П. І.,911
Горбатовська С. А.,910
Златін Станіслав Вікторович,910
Науменко А. В.,909
Червинська Марина Євгенівна,909
Гуляк Василь Васильович,909
Гулик Андрій Григорович,908
Іваненко Т.В.,908
О.В. Соп'яненко,907
Атаманова С. Ю.,907
Соколов О. М.,907
Стамбула Н. В.,905
Куцин В. М.,904
Луньова Д. Ю.,904
Вийванко О. М.,903
Кощеєв Ігор Михайлович,901
Лях М. Ю.,901
Коренюк В. П.,900
Єфіменко К. С.,900
Сегеда С. М.,900
Редько Ж. Є.,900
Орлов І. В.,900
Дашковська А. В.,899
Бульба О. М.,899
Грубник О. М.,899
Ніколін Володимир Володимирович,899
Чернова Ганна Валеріївна,899
Бочко Ю. І.,899
Швець О. Д.,899
Митошоп В. М.,898
Леонтович А.М.,898
Кіяшко В. О.,897
Унятицький Д. Є.,897
Маломуж А. І.,897
Воробйова Інна Анатоліївна,896
Обрізко Ігор Михайлович,896
Тихоненко О.М.,896
Косович Т. П.,895
Воронков Д. В.,895
Скиба Г.М.,895
Шавель Руслан Миронович,894
Ребров С. О.,894
Носівець В.В.,894
Ільчишин Надія Василівна,894
Єрмак Н. В.,894
Старунський Дмитро Миколайович,893
Притула Н. Г.,893
Патратій О.В.,893
Кошель Б. І.,892
Оладько С. І.,891
Похваліта С. М.,891
Дудніченко В. М.,890
Довготько Т. М.,890
Ткаченко Н. В.,890
Ільніцька О. М.,889
Бакланов Р. В.,889
Волошина Т. В.,889
Мікула Оксана Іванівна,889
Журавський В. В.,888
Агафонов С. А.,886
С.М. Глазько,885
Ванівський Ю. М.,884
Макарик Володимир Ярославович,884
Павленко Є.В.,884
Войтенко Т. В.,884
Дулебко Н. І.,882
Л.І. Хилько,882
Панченко О. М.,882
Пікалова Н. М.,882
Підпалий В. В.,881
Лесько Алла Олексіївна,881
Запотічний Ігор Ігорович,880
Паламар П.І.,880
Геєць Ю. В.,879
Тімченко О. В.,879
Демчик Р. В.,879
Погорєлова С. О.,879
Пільков К.М.,879
Тімошенко Н. В.,879
Левчук О. А.,878
Литвинова В.В.,877
Нечепоренко Л. М.,877
Шинкар Тетяна Ігорівна,877
Мультян Марина Бондівна,877
Резніченко Олена Юріївна,876
Букреєва І. А.,876
Марин П. П.,875
Гончарук В. П.,874
Святецький Віктор Валентинович,873
Коваленко В. П.,873
Рожкова О. С.,873
Озерянська Ж. М.,872
Стрельбицький В. В.,872
Омельченко К. О.,871
Петров В.С.,871
Тимощенко О.М.,870
Мороз К. В.,870
Панова Г. В.,869
Сугачова О. О.,869
Тарасишина О.М.,868
Галій С. П.,866
Лутай А. М.,865
Поліщук Ірина Миколаївна,864
Веселов В. М.,864
Пантелєєв Д. Г.,863
Тісецький С.С.,863
Колеснікова І.С.,863
Черков В. Г.,863
Харченко Ю. В.,863
Ткаченко О. А.,862
Наріжний С.Ю.,862
Коверзнев В. О.,862
Левицька Т. В.,861
Вікторов В. В.,861
Каліщук А. А.,859
Чепурний О. П.,859
Бевзенко В.М.,858
Аліна С. С.,857
Орєшкіна Еліна Валеріївна,855
Арестова Л.В.,855
Скраль Т.В.,854
Рибкін О. А.,854
Демешин О.А.,852
Студенець В.І.,852
Мазка Н. Б.,851
Зінкін В. І.,851
Матвійчук В.В.,851
Васильченко О. В.,851
Чернобай О. І.,851
Юрков Едуард Олегович,850
Глушко Ігор Володимирович,850
Хрущ Вікторія Леонідівна,850
Сенаторов В. М.,849
Михайлов О.О.,848
Куцаров В. І.,848
Дерус А. В.,847
Аюпова Р.М.,846
Колесник О. М.,845
Довгань К.І.,845
Золотарьова Л. І.,844
Банасько О.О.,843
Озерянська Світлана Іванівна,843
Лопатін А.В.,842
Сеник Роман Петрович,841
Погребняк В.Я.,841
Талько О. Б.,839
Рибалко Н. І.,838
Отупор К.М.,838
Лабунська Т.І.,837
Пєсков В.Г.,837
Копняк С. М.,837
Сухаревич З. М.,837
Бородавка К. П.,836
Бацуца В.М.,835
Зубов О. С.,835
Берднік І.С.,834
Іванов Олексій Геннадійович,833
Хайкін В. М.,833
Петров В. В.,833
Корягін В. О.,833
Мандзій Олексій Петрович,833
Рачкелюк Ю. В.,832
Котляр А. М.,832
Кочеткова І. В.,832
Дорошенко М.В.,832
Костюк Софія Василівна,831
Макаренко І. О.,830
Чус Оксана Володимирівна,830
Іванова Н. Ю.,829
Тюлюнова В. Г.,829
Мичка Б. Р.,829
Ковальчук О.К.,829
Яременко І. В.,829
Дехта Р. В.,829
Курилець Андрій Романович,828
Чхайло О. В.,828
Орловський В. В.,827
Чернова Н. В.,826
Стефанов С. О.,826
Курганникова О. А.,826
Дроботова Т.Б.,826
Ткачов О. М.,826
Баргаміна Н.М.,826
Яремчук Ю.О.,825
Іщук Лариса Петрівна,825
Катеринчук Л.Й.,825
Коліуш Г. В.,824
Махаринець Д.Є.,824
Сітало А. К.,823
Чорній Л.З.,823
Трояновська Т. М.,823
Рєзнікова С.С.,823
Чайка І. В.,823
Тищенко Л. І.,823
Заєць Світлана Володимирівна,823
Гридасов Ю.В.,822
Щавінський В.Р.,822
Міланіч А. М.,822
Чеботаренко О. Л.,822
Добров П. В.,822
Адамчук Г. М.,821
Дюміна Н. О.,821
Клопот С.Л.,820
Леонідова О. В.,820
Петунін І. В.,820
Мандро О. В.,820
Булгакова І.В.,820
Жданкіна Наталія Володимирівна,820
Калюжна В. В.,820
Нікітенко С. В.,819
Продан Б. Г.,818
Майстренко О. М.,818
Марченко Л. В.,818
Козир Т.П.,818
Новік Л. М.,818
Самойлюк Г. П.,817
Шишилін О. Г.,817
Приколота Т. І.,816
Городівський О. А.,816
Міньковський С.В.,815
Балан Я. В.,814
Мартинюк В. Б.,813
Шевчук Світлана Михайлівна,813
Олефір А. О.,813
Затолочний Віталій Семенович,813
Головін В. О.,812
Алтухова О. С.,812
Міліціанов Р.В.,811
Любчик В. М.,811
Шум Микола Сергійович,811
Каленюк Жанна Василівна,811
Кондратенко О. О.,811
Баннікова Н. В.,811
Романовський Є. О.,811
Сєвєрова Є. С.,810
Горобцова Я.В.,810
Терлецька О.О.,809
Міщенко І.С.,809
Жукова Євгенія Олексіївна,809
Кухар Д. О.,808
Скиба М. М.,808
Подобєд Ігор Миколайович,807
Остапенко Н. Г.,807
Домбровська Г. В.,807
Крайник Н. П.,807
Шинкарчук Я. А.,805
Доманська М.Л.,804
Яценко Н. О.,804
Логвинюк І. М.,803
Олексюк А. В.,802
Струс Л. Б.,802
Шепітко І. Г.,802
Холод Р. С.,802
Тімонова В. М.,801
Сердинський В. С.,801
Библів С. В.,800
Жураковський А. І.,799
Комар Павло Анатолійович,799
Суховий В.Г.,798
Григор'єв Б. П.,797
Кушнір І.В.,796
Лозинська І.В.,796
Чирка С. С.,796
Л.В. Трофімова,795
Панченко Н.Д.,795
Ульяніч І. В.,795
Кальник Віталій Валерійович,794
Тимченко О. В.,794
Радчук А.А.,793
Кравченко М. В.,793
Пироженко (С.А.) С. А.,792
Літвінова А.В.,792
Селіваненко В.П.,792
Миколаєць І. Ю.,792
Данко В. Й.,792
Котелевець А. В.,791
Жук М. В.,791
Судова-Хомюк Наталія Михайлівна,791
Ольшанченко В.І.,791
Ліпчанський С. М.,790
Василенко Г.Ю.,790
Зоріна Д. О.,790
Токмілова Л. М.,789
Алексєєв О. В.,789
Соболєва І. П.,788
Каліберда В. А.,788
Моніч Б.С.,788
Рудська С. М.,788
Середа І. В.,787
Рибак М. А.,787
Дончик Віталій Володимирович,787
Мікуш Ю. Р.,787
Овсієнко Ю. К.,786
Лошак О. О.,786
Сінєльнік Р. В.,786
Непочатих В.О.,786
Чішман Л. М.,785
Воробйов А. В.,784
Саламон О. Б.,784
Івасюта Л. В.,784
Плахтій Наталія Борисівна,784
Аляб'єв І.Г.,784
Назаренко О. В.,784
Єфанова Ольга Володимирівна,784
Костюкевич О. К.,783
Широбокова Людмила Петрівна,782
Зубчук І. В.,782
Марків Т. А.,782
Білецька Людмила Миколаївна,781
Сухоруков А. О.,781
Пушкарський Д. В.,781
Чучко В.М.,780
Іванов В. В.,780
Данелюк О. М.,779
Гречко Ю. В.,779
Литвиненко І. Ю.,778
Сайко О. О.,778
Ушенко С.В.,778
Науменко А.О.,777
Калатай Н.Ф.,777
Шандра М. М.,776
Погрібна Н. М.,776
Киян Д. В.,776
Олійник В. П.,776
Васянович А.В.,776
Бердій М. А.,776
Хобор Романа Богданівна,775
Архипенко А. В.,775
Василяка Д.К.,772
Мачульський Г.М.,771
Гнап Д.Д.,771
Казидуб О. Г.,769
Шеремета Н. О.,768
Бірса О. В.,768
Шрамко Л. Л.,767
Колесніков Г. Я.,767
Черкаський В.І.,767
Козирський Є. С.,766
Величко Т. О.,766
Гаврилов В. А.,766
Завгородній Є. В.,766
Ощинська Ю. О.,765
Герчаківська О. Я.,764
Гумбатов В. А.,764
Маринченко Я.В.,764
Троянова О.В.,762
Коваль Любов Анатоліївна,760
Пучкова І. М.,760
Марущак С. Л.,760
Лєдньов Д. М.,760
Федорець С. В.,760
Бокова Юлія Валеріївна,760
Ковтунович О. В.,760
Чорна С. З.,759
К.М. Притула,759
Маслій І.В.,759
Малашина Ю. Б.,759
Лиска І.Г.,758
Гаврилко С.Є.,758
Свида Л. І.,758
Дашутін І.В.,758
Малюк В. М.,758
Бойко С. М.,757
Д`яченко Д. О.,757
Кузь В. Я.,756
Задорожко Д. А.,755
Васьковський О.В.,755
Сливка Л. М.,755
Сотніков С.В.,753
Чистякова І.О.,752
Трояновська Г. С.,752
Щербина С. В.,752
Посунько Г. А.,752
Коваленко Олександр Вікторович,751
Чумак Ю.Я.,751
Оболєнська С. А.,751
Васильєва Л. М.,750
Луценко О. М.,750
Большакова Олена Олегівна,750
Луганський В. І.,750
Вавренюк Л.С.,750
Гінда Оксана Миколаївна,749
Мовчан Д. В.,748
Коваленко К. В.,748
Врона Олена Віталіївна,748
Лєвша С. Л.,748
Сингаївський О. П.,747
Багай Н.О.,747
Корольчук Н. В.,747
Кос І. Б.,746
Якушева Інна Олександрівна,745
Полонець С. М.,745
Наумова І. Й.,744
Бабіч С.І.,744
Дем`як Валентина Миколаївна,744
Коршун А.О.,744
Побережна О. Д.,744
Черноліхов Сергій Вікторович,743
Демочко Д. О.,743
Зуєв В.А.,743
Москаль Ростислав Миколайович,743
Риков М. І.,743
Томчук Андрій Валерійович,743
Кухтей Руслан Віталійович,742
Хоролець В. В.,742
Шевцова Н.В.,742
Денисюк Руслан Степанович,742
Гринчук Р. С.,742
Гуляєва Г. М.,741
Колесник С. І.,741
Бортницька В. В.,740
Алфьоров А. М.,740
Бойко Н. В.,739
Пушкарчук В. П.,739
Микитюк О. Ю.,739
Карташева Т. А.,739
Баранець О.М.,737
Говоруха В. О.,737
Бабко В. В.,736
Калініченко Н.В.,735
Михайлишин В. В.,735
Хмель Р. В.,734
Ніткевич А. В.,734
Кузьменко В. В.,734
Степанов С. В.,734
Кучина Н. Г.,734
Чальцева Т. В.,733
Жигулін С. М.,732
Хотенець П.В.,732
Левик Я. А.,731
Стасенко Г. В.,730
Мануйлова Н. Ю.,730
Рибакова В. В.,730
Верхогляд Тетяна Анатоліївна,729
Дармін Михайло Олександрович,728
Євтіфієв В. М.,728
Книш А. В.,728
Шевченко О. А.,728
Новікова Н.А.,728
Садовий Ігор Вікторович,727
Бондарєва І. В.,727
Кошель Л. М.,727
Корой С. М.,727
Мамалуй О.О.,726
Качмар Володимир Ярославович,726
Миніч Т. І.,725
Бучацька А. І.,725
Р.В. Жук,725
Косенко А. В.,723
Фінагеєв Валерій Олександрович,723
Войціховський Віталій Антонович,723
Бондарь В. А.,723
Могила Р. Г.,722
Іванов Е. А.,722
Рочняк О. В.,722
Старовецький В. І.,722
Кузьмич Сергій Миколайович,722
Андрущенко-Луценко С. В.,722
Нікітін В. В.,721
Тварковський А.А.,721
Клепка Л. І.,719
Криворот О. О.,718
Матвєєва Ю. О.,718
Шапутько С. В.,718
Івченко А.М.,718
Нестеренко О. М.,718
Бурнусус О. О.,718
Вибодовський О.Д.,717
Невойт П. С.,717
Катющенко В. П.,717
Неклеса Олена Миколаївна,717
Коломієць О. С.,717
Кузіна Ж. В.,716
Колоколов С.І.,716
Горбунова Я. М.,715
О.С. Петренко,715
Мисько Х. М.,715
Андрієнко Г. В.,715
Сіліч І. І.,714
Сидоренко З.С.,714
Кривенко Д. Т.,714
Буток Т. А.,714
Стригуненко В. М.,712
Теслікова І. І.,712
Філюк Т. М.,712
Бутенко Д. В.,712
Завальнюк І. В.,712
Грубіян Л. І.,712
Луста С. А.,711
Ткаченко Н.Г.,711
Аленін О.Ю.,710
Христенко О.О.,710
Круглікова А. В.,710
Проценко Л. Г.,709
Сидоренко А.С.,708
Носик М. А.,707
Хохленков О.В.,707
Приступа Д. І.,707
Марченко О.В.,707
Валюх Віктор Миколайович,707
Плечищева О. В.,706
Дудченко В. О.,706
Олещенко В. І.,706
Чайкін І. Б.,706
Шатерніков М.І.,706
Сирбул О. Ф.,705
Селіщева Л. І.,705
Білоус В.В.,705
О.М. Сковородіна,704
Льон О. М.,702
Гапоненко Н. О.,702
Гурін Дмитро Миколайович,702
Гукова Р. М.,701
Корман О. В.,701
Брагіна О.Є.,701
Маловічко С. В.,701
Решетов В. В.,701
Апаллонова Ю. В.,701
Андрусенко Оксана Орестівна,700
П`ятничук І. В.,700
Кравець Ю. І.,700
Битяк І. Г.,700
Сидоренко Дмитро Володимирович,700
Антоняк Т. М.,700
Полянчук Б. І.,700
Шабас О. С.,699
Мицик Ю. С.,699
Чванкін С. А.,699
Каряка Д. О.,699
Шаратов Ю.А.,699
І.Г. Ясиновський,699
Годік Л. С.,699
Василенко Р. О.,698
Пантилус О. П.,698
Ковальчук Володимир Дмитрович,698
Мінгазов Р. В.,698
П'єнта І. В.,698
Гримайло А. М.,698
Капітонов В. І.,697
Овчарик В. М.,697
Шевчук А. М.,697
Іванова Л. А.,697
Харабадзе К. Ш.,697
Рудюк О. Д.,697
Желепа Оксана Василівна,696
Журавльов О. Г.,695
Карімов І. В.,695
Шевчук В. В.,695
Бабич Н. Д.,694
Панас Н. Л.,694
Березкіна Олена Володимирівна,692
Левко В. Б.,691
Нейло І. М.,691
Гулько Борис Іванович,691
Соколова Ю. І.,691
Фанда О. А.,690
Лідовець Руслан Анатолійович,690
Чех Н. А.,690
Пашнєв В. Г.,689
Ул`яновська О. В.,688
В.О. Гаврилюк,688
Жуков С.В.,688
Семенюк В. В.,688
Мигалевич В. В.,688
Шимчик Р. В.,687
Гольник Л. В.,687
Линник О. С.,687
Бондарчук В.В.,686
Сірош Д.М.,685
Куцан В. М.,683
Ведяшкіна Ю. В.,683
Пінтеліна Т.Г.,682
Юсип І. М.,682
Марко Я. Р.,681
Татарчук Л. О.,681
Олійник Василь Іванович,681
Губська О.А.,681
Закурін М. К.,680
Бурлаков Сергій Юрійович,680
Бондаренко І. А.,680
Купельський А. В.,680
Новікова Н. В.,680
Машина І. М.,680
Слюсарчук Н. Ф.,679
Ольховський Є. Б.,679
Гетьман В. В.,679
Краснов Є.В.,679
Мирутенко Олександр Леонтійович,678
Полякова К.В.,678
Солодюк О.В.,678
Баличева М. Б.,678
Кічак Ю. В.,678
Кузнецов Вадим Олександрович,678
Мричко Наталія Іванівна,678
Дєдов С. М.,677
Новак Р. В.,677
Грубіян Є. О.,675
Стратієнко Л.В.,674
Принцевська Н.М.,674
Заставенко М. О.,674
Гнатюк О. М.,674
Шишкін О. В.,673
Філатова Л. Б.,673
Стефанишин С. Л.,673
Гаращенко Дмитро Русланович,672
Вечірко Ігор Олександрович,672
Бедьо В. І.,672
Турчин С.О.,672
Кудряшова Ю.В.,671
Жуковська Л.А.,671
Кордюк Галина Тарасівна,671
Марач В.В.,670
Косар А. І.,670
Юхно Ірина Валеріївна,670
Омельченко Л.В.,670
Гноєвой С. С.,670
Якуша Н. В.,670
Бакуменко А. В.,669
Микитин В. Я.,669
Суботіна С. А.,668
Саранюк Л. П.,668
Карпинська Н. М.,668
Токова С. Є.,667
Кравченко О. Ю.,667
Заєць Д.Г.,667
Пекний А.С.,667
Хіневич В. І.,667
Ярош А.І.,666
Рунчева О. В.,666
Філінюк І.Г.,666
Лященко О. В.,666
Маренич С. О.,666
Русаков Г. С.,665
Царікова Олена Василівна,665
Березін А. Г.,665
Жельне С.Ч.,665
Ткач І.В.,665
Демидов В.О.,665
Мартинова О. М.,664
Таран С.В.,664
Цукуров В. П.,664
Афанасьєв В. О.,664
Кондрацька Н. М.,664
Хом'якова В.В.,664
Панас О. В.,663
Деметрадзе Т. Р.,663
Ксензюк Андрій Ярославович,663
Саванчук С.О.,663
Черняк В. В.,663
Чечот А. А.,663
Галінська В. В.,662
Невмержицька О. А.,662
Ільяшук А. В.,662
Марченко Л. М.,661
Самсонова О. А.,661
Мохов Є. І.,660
Крупінська С. С.,660
Альчук Максим Петрович,660
В.А. Гайдаш,660
Логвіненко Т. Г.,659
Ярема В.А.,659
Шевчук Ю. В.,659
Пархоменко П. І.,659
Росоха А. В.,658
Савицький Я.Ф.,658
Заяць О.В.,658
Погорелова О.В.,658
Шаєнко Ю. В.,658
Конюх О.В.,656
Хоминець М. М.,656
Городецька Л. М.,655
Г.В. Левшина,655
Вдовиченко Т. М.,655
Парій І. О.,655
Далматова Г. А.,655
Полішко В. В.,655
Ковальов І. М.,653
Солодовник І. С.,653
Сарбей О. Ф.,653
Рябуха Ю. В.,653
Рябцева О.О.,653
Талалай О. І.,652
Гаврилюк С. М.,652
Соколенко О. М.,652
Сенько М. Ф.,651
Шулежко В.П.,651
Матвіїв Р.І.,650
Теміров Ч. М.,650
Івахненко О. Г.,650
Строгова Г. Г.,649
Мальована-Когер В. В.,649
Димбовський В.В.,649
Смірнов О.Г.,649
Майбоженко А. М.,649
Федотова В. М.,648
Галаган О. В.,648
Зварич Оксана Володимирівна,648
Пилипенко І. О.,648
Гуцол В. І.,647
Рильова В.В.,647
Трусова Т. О.,647
Кравчук Антоніна Михайлівна,647
Хома С.О.,646
Отрюх Б.В.,646
Болдирєва У. М.,646
Орищин Ганна Василівна,645
Кравченко В. О.,645
Проценко А. М.,645
Рибальченко Л. М.,645
Яковенко Василь Володимирович,645
Случ О.В.,645
Шніт А.В.,645
Пригуза П.Д.,644
Карпечкін Т.П.,644
Нікандрова С. О.,644
Ярош С. О.,644
Лебедєва Г. В.,643
Курбанова Н. М.,643
Бжассо Н. В.,643
Левенець Борис Борисович,643
Поліщук Л.В.,642
Кулик В. Б.,642
Білоцерківець О. А.,641
Соловйова Л. Я.,641
Татарчук Володимир Олександрович,640
Ярмола О. Я.,640
Ільченко В. М.,640
Павелко І. Л.,639
Сухоручко Ю. О.,639
Ковригін О. С.,638
Мумига І. М.,638
Павловська Г. В.,638
Сакенов Ю. К.,638
Коліщук З. М.,638
Чернова О. В.,637
Олійник В. М.,637
Андрейчук Т. В.,637
Бабкова Т. В.,637
Волгіна Н.П.,636
Остапенко О.М.,636
Паламарчук В.В.,636
Князєва Н. В.,636
Музика О. М.,636
Оборотова О.Ю.,635
Левицький Василь Костянтинович,635
Кравець С.Г.,634
Гулейков Ігор Юрійович,634
Скрипченко С. М.,634
Скрипник О. Г.,634
Панфілова А. В.,634
Дубник Оксана Петрівна,633
Гирила І.М.,633
Кисильова О.Й.,633
Чірков Г. Є.,632
Невар О. В.,632
Довжанин В. М.,631
Лапій С.М.,631
Кузьменко Н. Л.,631
Яковенко Н. Л.,631
Огороднік К.М.,631
Міхненко С. Д.,630
Кучеренко О.І.,630
Горпинич О. В.,630
Челюбєєв Є. В.,630
Грицко Р. Р.,630
Плотницька Н.Б.,630
Стоматов Е. Г.,630
Чорна О. В.,630
Польовий О.Л.,629
Журибіда Б. М.,629
Зеленська В. І.,628
Оніщук Максим Іванович,628
Слюсар Тетяна Андріївна,628
Фадєєва С. О.,628
Махлай Людмила Дмитрівна,627
Таран Н. Г.,627
Коробенко С. В.,627
Логойда Т. В.,626
Тимошенко С. В.,626
Богатир К.В.,626
Маріщенко Л.О.,626
Галушко Наталія Анатоліївна,625
Сало Павло Ігорович,625
Мельник-Томенко Ж.М.,624
А.Б. Діска,624
Тітов М. Б.,624
Ткачова С. М.,624
Артимович В.М.,624
Ковбій О.В.,623
Самсонова В. В.,623
Кухар Н.М.,623
Цесельська О. С.,622
Сувертак І. В.,622
Громова І. Б.,622
Іванченко А. М.,622
Дрішлюк А. І.,622
Катаєва Е. В.,622
Пироженко (В.Д.) В. Д.,621
Ніколаєв М. В.,621
Новосад М. Д.,620
Лютянська М. С.,620
Діденко Т. І.,620
Павленко І. В.,620
Єзерський Р. Б.,619
Бездрабко О.І.,619
Кошик А.Ю.,619
Радзівіл А. Г.,619
Шкоріна Олена Іванівна,619
Дернова В. В.,619
Боярський О. О.,618
Щербак Ю. В.,618
Кравченко П. А.,617
Кузан Ростислав Ігорович,617
Г.Є. Курило,617
Черногуз А.Ф.,617
Могил С.К.,617
Гусар П. І.,616
Калашник В. Л.,616
Нємиш Н. В.,615
Каневський В. О.,615
Василюк А. В.,615
Хабіб Марія Іванівна,615
Палюх Н. М.,614
Верланов Сергій Миколайович,614
Ізотов В. М.,614
Кухта В. О.,614
Гарбуз О. С.,614
Дору Ю.Ю.,614
Стрілець Я. С.,613
Ярмолюк О. І.,613
Калантай М.В.,613
Журибеда О. М.,613
Храпко В. Д.,612
Якімець Ганна Григорівна,611
Буран В. М.,611
Соломка І. А.,610
Кончина О. І.,610
Плеханова З.Б.,609
Хуторна І. Ю.,609
Баранник Н.П.,608
Коротич І. А.,608
Мохонько В. В.,608
Кондус Л. А.,607
Биба Ю. В.,607
Танцюра К.О.,607
Панчук М. В.,607
Бондаренко Н. В.,607
Хитрук В. М.,607
Мороз Т. М.,606
Фартушок Т. Б.,606
Спиридонова Надія Олександрівна,606
Калинич Я. М.,606
Смірнова О.В.,606
Барановська З. І.,606
Ратнікова Валентина Миколаївна,606
Пророк Віктор Васильович,605
Лиськов М.О.,605
Слободян Г. М.,605
Пантелієнко В.О.,605
Жигалкін І.П.,605
Топчій О.А.,605
Коновод О. В.,605
Литвиненко Ірина Вікторівна,605
Бащенко С. М.,605
Золотарьова Яна Сергіївна,604
Рибальченко І. Г.,604
Шипович Владислав Володимирович,604
Пацко Д. В.,604
Бабкіна В.М.,603
Вовк Л. В.,603
Вронська Г.О.,603
Найфлейш В.Д.,603
Вжещ С. І.,603
Сподарик Наталія Іванівна,603
Шевчук Н.Г.,602
Гуц О. В.,602
Лобан Д.В.,602
Крижановський О. В.,602
Борисова Олена Василівна,602
Коваленко В. М.,601
Морська Г.М.,601
Серьогіна Олена Василівна,601
Романенко В. А.,601
Сулімовська М. Б.,601
Прачук О. В.,600
Митюк О. В.,600
Єгорова С. М.,600
Машкіна Н. В.,600
Павицька Т. М.,599
Р.І. Брегей,599
Шишов О.О.,599
Гудим О. М.,599
Шестак О. І.,599
Ярмоленко В. В.,599
Бунда А. О.,599
Ореховська К. Е.,598
Єресько Л.О.,598
Грицак Р. М.,598
Шульгач Микола Петрович,597
Сліщенко Ю. Г.,597
Стоілова Т. В.,597
Бібік О. В.,596
Ломака В.С.,596
Мазурок О. В.,596
Потятинник Ю. Р.,596
Сєлін Є. В.,596
Петришин Н. М.,595
Гомельчук С.В.,595
Моргун О. В.,595
Лазаренко А. В.,595
Захарчук С. С.,595
Сагайдак І. М.,595
Поліщук Наталія Валеріївна,595
Калинюк О. П.,595
Сичук М. М.,595
Андрійчук О.В.,595
Кравченко Л. М.,593
Голошивець І.О.,593
Ковалінас М.Ю.,593
Іванченко М. В.,593
Онупко М. Ю.,593
Коваль О. А.,592
Собко В. М.,592
Потеряйко С. А.,592
Савченко Сергій Іванович,592
Демидова В. К.,592
Бобко Т. В.,591
Гречана С. І.,591
Коротенко Євген Васильович,591
Салоїд Н. М.,590
Будішевська Л.О.,589
Зарічанський В. Г.,589
Жерьобкіна Євгенія Анатоліївна,589
Литвиненко О. Л.,589
Уварова Ю. В.,589
Загацька Т. В.,589
Татіщева Я. В.,588
Мазун І. А.,588
Нагірняк Микола Федорович,587
Бондар О. В.,587
Соловей Л.А.,587
Шарко Л.В.,586
Попов В.Ф.,586
Кирилюк Галина Миколаївна,586
Оксенюк М. М.,586
Ковальов В. М.,585
Нерода Л. М.,585
П.Г. Паламар,584
Марцинкевич С. А.,584
Олексієнко О. Ю.,584
Миронець О. К.,584
Турова Олена Михайлівна,584
Авраменко О. В.,583
Церковна Н.Ф.,583
Сидоренко Р. В.,583
Щоткін О.В.,583
Жданова Валентина Сергіївна,583
Стрепко Н. Л.,582
Лилак Т.Д.,582
Кузнецова Ірина Леонідівна,582
Годованець І. А.,582
Сакара Наталія Юріївна,581
Борець Є. О.,581
Куштан Б. П.,581
Хабазня Ю.А.,581
Кіхтенко С. О.,580
Литвин Л. І.,580
Ігнатенко Вадим Миколайович,579
Бутенко А. В.,579
Митражик Е. М.,579
О.В. Чернова,579
Войтюк В.Р.,579
Ковальчук Н. М.,578
Шевченко С. В.,578
Готра Т. Ю.,577
Д'яченко Т.Г.,577
Грох Л. М.,577
Боровик С.С.,577
Рибас А. В.,577
Кулініч Я. В.,577
В.І. Матюхін,577
Драний В. В.,577
Зайцев Андрій Юрійович,576
Нестеренко О. С.,576
Лавриненко Л.В.,576
Шульга О. М.,576
Дьоміна О. П.,576
Галян С. В.,576
Софілканич О. А.,575
Калашнікова О.В.,575
Шевчук А. В.,574
Мартинюк Н.М.,574
Петров Євген Вікторович,574
Спаї В. В.,574
Кадникова Ганна Володимирівна,574
Корніюк А. П.,574
Монич В. О.,574
Логойда Т.В.,573
Сілантьєва Е. Є.,573
Івінський О. О.,573
Волощук В. В.,572
Машевська О.П.,572
Білак М.В.,572
Бойко О.Я.,571
Токарєва Н. М.,571
Шендрікова Г. О.,571
Мирончук Н. В.,571
Курбанова А. Р.,570
Іващенко С. О.,570
Шумський І.П.,570
Чорна Л.В.,570
Федчишен С. А.,570
Сердюк Валентин Васильович,569
Губська Олена Анатоліївна,569
Матуляк Я.П.,569
Гедз Б. М.,568
Васильченко В. В.,568
Бородіна О. В.,567
Кость В. В.,567
Шкіндер П. А.,566
Сухарьок Михайло Гаврилович,566
Матківський Р. Й.,566
Ткач Г. В.,566
Яресько Б.В.,565
Деркач О. Г.,565
Крівцов Д. А.,565
Бездоля Д.О.,565
Швидкий О. В.,565
Костромітіна О. О.,565
Н.В. Величко,564
Ніколаєнко Р.А.,563
Зінченко О.В.,563
Маханьков О. В.,563
Стороженко О.Ф.,563
Димарчук Тетяна Миколаївна,562
Харечко С. П.,562
Жупанова І. Б.,562
Бєляновський В.В.,562
Старокожко В. П.,562
Мальована Л.Я.,561
Малиновський О. М.,561
Вайновський А. М.,561
Болотов Євген Володимирович,561
Матвієнко Юлія Олександрівна,561
Горобець Н. О.,561
Коломієць Н. З.,561
Е.В. Зекунов,561
Теслюк Д. Ю.,560
Шинкаренко А. І.,560
Хомик А. П.,560
Бортник О.Ю.,559
Піддубний Р. М.,559
Буряк І.В.,559
Калиновський М. М.,559
Васильченко Н. О.,559
Сорока Юрій Юрійович,558
Босюк В. А.,558
Карп'як Оксана Орестівна,558
Гуменний З. І.,557
Селезньова Т. В.,557
Дністрян О. М.,557
Тхір О. А.,557
Дундар Ірина Олександрівна,557
Антонюк В. В.,556
Астахова О. О.,556
Добреля Н.С.,556
Юрченко І. М.,555
Грушицький Андрій Ігорович,555
Сальнікова Г.І.,554
Грабован Л.І.,554
Вохмінова О. С.,554
Танасюк О.Є.,554
Мазовіта А.Б.,554
Ганчак Л. Ф.,553
Гуревський В. К.,553
Уханенко С.А.,553
М.О. Лейба,553
Невідома Тетяна Олексіївна,553
Микитюк Р.В.,553
Слободян Оксана Геннадіївна,552
Борисюк І. Е.,552
Біньковська Н.В.,552
Ромазан В. В.,552
Іщук Т. П.,552
Воробйова Ірина Анатоліївна,551
Прохоров П. А.,551
Дубіжанська Т. О.,551
Шебуєва Вікторія Андріївна,551
Сазонова М. Г.,551
Коптєв Ю. А.,550
Венгерчук А.О.,550
Назарук В.А.,550
Гнатик Г. В.,549
Чернобай А. О.,549
Миркушіна Н. С.,549
Пікуль Антоніна Адольфівна,549
Нечай О.В.,549
Карплюк О. І.,549
Чевгуз О.В,549
Клименко А. М.,548
Осіян Олексій Миколайович,548
Кофанов А. В.,548
Харченко О. П.,547
Андрюшина Л. А.,547
Кітаєва С.Б.,547
Леньо С. І.,547
Бонк Тетяна Богданівна,547
Мартьянова С. М.,546
Шинкоренко С. В.,546
Смолій Л. Д.,546
Гордійчук І. О.,546
Горбасенко П.В.,546
Ковтуненко В. В.,545
Галась І. А.,545
Гуцал О. П.,545
Дурач О. А.,545
Логінова С. М.,544
Антонова В.М.,544
Щерба Н. Л.,544
Цяцяк Р. П.,544
Разюк Г.П.,543
Твердохліб А. В.,543
Терещенко Оксана Іванівна,543
Дірко І. І.,543
Дворнін О. С.,543
Пасацька Л. А.,542
Сметаняк О. Я.,542
Плахтій І. Б.,542
Ярмак О. М.,542
Дяченко І. В.,542
Смаровоз М.В.,542
Волковицька Н.О.,542
Вербова Ірина Михайлівна,541
Скригун В. В.,541
Максюта І. О.,541
Ябчик Н. М.,541
Немировська Олена Віленівна,541
Зубій А. В.,541
Калараш Андрій Андрійович,540
Шульга В. О.,540
Маєцька Н.Д.,540
Григорук О.Б.,540
Костенко А. І.,540
Крімченко С. А.,539
Багрій Василь Миколайович,539
Губенко Н.М.,538
Г.М. Момонт,538
Фесюра М.В.,537
Кравченко М.М.,537
Кириченко П. Л.,537
Зубачик Н. Б.,537
Вінська Н. В.,536
Главач І.А.,536
Кацаренко І. О.,536
Соколов В.М.,536
Жук А.В.,536
Кожух О. А.,535
Вельмакіна Т.М.,535
Кравчук Наталія Миронівна,535
Кусік І. В.,535
Янчук Т. О.,535
Рейті С.І.,535
Чудопалова С. В.,534
Соколова Вікторія Вячеславівна,534
Варняк С.О.,534
Верховець А.А.,534
Семенова Л. М.,534
Васильцова Г. А.,534
Шахова В. В.,533
Костюкевич Сергій Федорович,533
Зеленко О. В.,533
Кривцова Ганна Василівна,532
Скрипка О. І.,532
Тесленко Т. В.,532
Ділай У.І.,532
Морозюк А.Я.,532
Шалімов Д. В.,532
Горщар А. Г.,531
Сойма М. М.,531
Брагар В. С.,531
Валігурський Г. Ю.,531
Бездоля Ю.С.,531
Білоусова О. М.,531
Мєркулова Л. О.,531
Тітов Максим Юрійович,531
Репушевська О. В.,531
Грушко О. П.,531
Вельможна І. В.,531
Стрижеус Анатолій Миколайович,531
Коваленко О. М.,531
Ковальова Т. Г.,530
Мазурик Олена Федорівна,530
Малашенкова Т.М.,530
Донцов Д. Ю.,530
Омеко М. В.,530
Ярошенко Вікторія Ігорівна,530
Слиш А. Т.,530
Лебідь-Гавенко Г. М.,530
Волдінер Фелікс Арнольдович,529
Український В. В.,528
Ачкасов О. М.,528
Шершак М. І.,528
Максимів Т. В.,528
Волошина Валентина Миколаївна,528
Кролевець О.А.,528
Вітер І. Р.,528
Пилипчук Л. І.,528
Федорук І. М.,527
Гвоздик А. Є.,527
Кобецька С. М.,527
Борцова А. А.,527
Журба Сергій Олександрович,527
Триголов В. М.,527
Грузман Т. В.,527
Колядов В. Ю.,525
Бессараб Н. М.,525
Шатілова Л. Г.,525
Головенко О.Д.,525
Чевилюк З. А.,525
Шаповалова Тетяна Михайлівна,525
Бровченко В. В.,525
Яворський Микола Анатолійович,525
Тополева Ю. В.,524
Максимович І. В.,524
Вірченко О. М.,523
Мостепаненко Ю.І.,523
Саєнко О. Б.,523
Лемак О. В.,523
Гаврасієнко В. О.,522
Ярошенко Т. О.,522
Павловська І. А.,522
Ковальчук О. В.,522
Зеліско Р. Й.,522
Подліпенець Є. О.,522
Цаберябий Б. М.,521
Прокопенко Олександр Борисович,521
Дучал Наталя Миколаївна,521
Бойко Світлана Михайлівна,521
Венгрин О. О.,521
Кушнірчук Р. О.,520
Ейвазова А.Р.,520
Пасічний Т. З.,520
Крижний Олександр Миколайович,520
Мурашко С. І.,520
Бринцев О.В.,520
Аліменко Ю. О.,519
Бойко В. М.,519
Андрейчук Л.В.,519
Пілюгіна О. М.,519
Котлярова І. Ю.,519
Фещенко Юлія Віталіївна,518
Шимків С. С.,518
Товстолужський О. В.,518
Лужецька О. Р.,518
Іванчулинець Д.В.,517
Литвинко Т. В.,517
Боровков Д. О.,517
Сегеда О. М.,516
Литвиненко Н. В.,516
Ковбель М. М.,516
Гладюк Ю. В.,516
Бенедисюк I.М.,515
Чуприна О.В.,515
Боймиструк С. В.,515
Гладій С.В.,515
Саліхов Віталій Валерійович,515
Мережко Марина Василівна,515
Поліщук І. О.,515
Бабаков В. П.,514
Марчук В. І.,514
Віговський С. І.,514
Кучко Я. Ю.,514
Балаклицький А. І.,513
Рябенька Т. С.,513
Богоніс Михайло Богданович,513
Зекунов Едуард Вікторович,513
Краснощоков Євгеній Віталійович,512
Чапланова О. М.,512
Носов Г. С.,512
Бочаров А. І.,512
Прінь І. П.,512
Шумей М.В.,512
Іванова Ірина Віталіївна,511
Березніков О. В.,511
Синчук М.М.,511
Буракова А.М.,511
Чонгова С.І.,509
Крамаренко А. І.,509
Тетервак Н. А.,509
Чернявська Я. А.,509
Тимошенко О. М.,508
Лапчевська Олена Федорівна,508
Ємельянова Л. В.,508
Кримська О. М.,507
Крамар С.І.,507
Матущак Олег Іванович,507
Порозова І. Ю.,507
Семенюк Тетяна Анатоліївна,506
Качур А.М.,506
Панчук А. І.,506
Янголь Є. В.,505
Корецька В. В.,505
Тарапата Світлана Степанівна,505
Цоток В. В.,505
Мусієвський В. Є.,505
Черевата В. І.,504
Переверзева Л. І.,504
Скрипчук Оксана Степанівна,504
Капкін О. Б.,503
Харченко С.В.,503
Панченко Микола Миколайович,503
Мазур С. А.,503
Глібко О. В.,502
Карпушин Г. Л.,502
Гордійчук С. О.,502
Киричок С. А.,502
Остап'юк С.В.,502
Барвенко В. К.,502
Курило В. О.,501
Хома Олена Петрівна,501
Величко Наталія Вікторівна,501
Корой В. Д.,501
Пересунько Я. В.,501
Сокирко Л. М.,501
Сєчко В. Л.,501
Матківська М. В.,500
Білоусов С. М.,500
Качур Роксолана Петрівна,499
Кондратова І.Д.,499
Сковородіна Олена Миколаївна,499
Доля В. А.,498
Рубан Світлана Михайлівна,498
Курило Ганна Євгеніївна,498
Клімашевська І. В.,498
Чобіток Алла Олександрівна,498
Желік Максим Борисович,498
Ю.В. Бокова,498
Кравець Валентина Аркадіївна,498
Гоменюк З.П.,498
Радишевська О.Р.,498
Свячена Ю. Б.,497
Красовський О.О.,497
Вільчинський Олександр Ванадійович,497
Передерко Д. П.,497
Заколодяжна О. А.,497
Маштак К. С.,496
Жовтан П. В.,496
Ярошенко В.П.,496
Кушнір Н.В.,495
Гришковець А. Л.,495
Толстолуцька М.М.,495
Бугера О. В.,495
Шиян В. В.,495
Джуга С. Д.,495
Артоуз Олеся Олександрівна,494
Троценко Т. А.,494
Стручкова Л. І.,494
Дембіцький Павло Дмитрович,494
Білосевич Г. С.,494
Копаничук С. Г.,494
О.О. Осіпова,494
Грек Б.М.,493
Бєлка В. Ю.,493
Тандир О. В.,493
Соловйов О. Л.,493
Бредун Д. С.,493
Сенаторов В. А.,493
Манюк П.Т.,492
Немченко Л.М.,492
Лесик В. О.,492
Глушков М.С.,492
Єгорова Наталія Миколаївна,492
Славінська Н. Л.,492
Фасій В. В.,492
Кулик С. В.,492
Бойчук І. В.,491
Плавич І. В.,491
Король М.Р.,491
Луцович М.М.,491
Гудзенко В. Л.,491
Пивоварова Ю. О.,491
Варакіна Н. Б.,490
Микуляк П.П.,490
Юр'єв О. Ю.,490
Соколова Н. О.,490
Муха М.Є.,490
Кузьмишин В.М.,490
Кузнецов Р. В.,490
Сибільов О. В.,489
Сікорська Н.А.,489
Курус Р. І.,489
Коваль А. Б.,489
Афанасьєва Ю. О.,489
Вергун Н. В.,489
Кобаль Михайло Іванович,488
Оніщук В. В.,488
Воронюк В. А.,488
Вітушинська О. О.,488
Ізмайлов І. К.,488
Чорний І. А.,488
Вишняк М. В.,488
Басова В. І.,488
Прасолов В. М.,487
Боднарюк Олег Васильович,487
Коваленко Н.М.,487
Яненко Г. М.,487
Рейнарт Ійя Матвіївна,487
Румянцев О. П.,487
Грицюк П.П.,487
Остапчук Л.В.,487
Руснак А. І.,487
Невмержицький С. С.,486
Литвиненко І. В.,486
Дуковський О. Л.,486
Погорєлов І. В.,486
Пашкевич І.О.,486
Бондаревська С. М.,486
Сержанюк Анатолій Семенович,486
Цвинтарна Т. М.,486
Пархоменко І. О.,485
Маслак В. П.,485
Карабаза Н. Ф.,485
Черткова Н. І.,485
Грещук Р. П.,485
Токарєв А. Г.,485
Сидорчук О. М.,485
Кисіль О. А.,484
Коренев Андрій Олексійович,484
Гончаренко Т. В.,484
Демінська О. І.,483
Бараболя Н. С.,483
Дзюбич В. Л.,483
Костюков Д. Г.,483
Семенцова Л. М.,483
Гулкевич Ірена Зіновіївна,483
Вотьканич В. А.,482
Філіпова Т.Л.,482
Орленко Л. О.,482
Мащенко С. В.,482
Лепеха Г.А.,482
Орендарчук М. П.,481
Колбасов Ф.Ф.,481
Пухарєва    О. В.,481
Шевченко В. М.,481
Гундяк В.Д.,480
Пушкарьова С. П.,479
Прядкіна О. В.,479
Бондарчук В. В.,479
Білоус Ю. Б.,479
Ференчук О. В.,479
Бестаченко О.Л.,479
Михайлюк О. І.,478
Кафарський В.В.,478
Гусейнов К. А.,478
Андрієнко Антоніна Миколаївна,478
Собослой Г. Г.,477
Михайлова А. В.,477
Ващилін Р. О.,476
Ходько В. М.,476
Грицай К. М.,476
Костенко А. М.,476
Лібстер А. С.,475
Анісімов Олег Валерійович,475
Галаган В. І.,475
Фрич М. М.,474
Ганкіна І. А.,474
Попова В. О.,474
Козак І.Б.,474
Киреєв О. В.,473
Ільченко О. І.,473
Обревко Л. О.,473
Михайловська А. В.,473
Танасогло Т.М.,473
Адамович М. Я.,473
Казанлі Л. І.,472
Таргоній Дар'я Олександрівна,472
Хилевич С. В.,472
Смик С. І.,472
Суровицька Л. В.,471
Золотніков Олександр Сергійович,471
Костюк У. І.,471
С.М. Фурсова,470
Гарбар Ігор Олексійович,470
Богослов А. В.,470
Князьков В.В.,470
Дудін С.О.,469
Маринін О. В.,469
Бенца К. К.,468
Сушко Людмила Петрівна,468
Мазур Н. В.,468
Канурна О. Д.,468
Горбань О. Ю.,468
Смілянський Є. А.,468
Нерушак Л. В.,467
Яремчук Костянтин Олександрович,467
Сьоря С. І.,467
Письменний О. А.,467
Дєтков О. Я.,467
Шахова Олена Василівна,467
Сташків Н. Б.,466
Соломаха Л. І.,466
Заверуха С.В.,466
Придачук О. А.,466
Дяченко В. Г.,466
Янюк О.С.,466
Федосєєв С. В.,465
Цікало А.І.,465
Хоростіль Р. В.,465
Ковальова О. О.,465
Тимощук О. Я.,464
Курах Л. В.,464
Краснопольська Л. П.,464
Паляниця Юлія Олександрівна,463
Маржина Т. В.,462
Кучерявенко С. С.,462
Аксьонова Катерина Іллівна,462
Фединяк В. Д.,462
Пташник А. М.,462
Фетісова Т. Л.,462
Яремко Василь Васильович,462
Коморний Олександр Ігорович,461
Кашперська Тамара Цезарівна,461
Бобрушко В. І.,461
Шаповалова І. С.,461
Кириленко М. О.,460
Дідек М. Б.,460
Бростовська Н. О.,460
Шелудяков Л. В.,460
Скапровська І. М.,460
Крючко Н. І.,460
Андрусик Н.О.,460
Ничик Г. І.,459
Петрашко М.М.,459
Ковальчук Т. М.,459
Луніна Олена Станіславівна,459
Будулуца М. С.,458
Міськевич О. Я.,458
Бужора В. Т.,458
Петухов М.Г.,457
Смокович Віра Іванівна,457
Ковальова А. Б.,457
Денишенко Т. О.,457
Стасюк С.В.,456
Заярний А. М.,456
Гавілей М. М.,456
Запотічняк О.Д.,456
Кузьміна О. І.,456
Струтинський Р. Р.,456
Коваленко В. О.,456
Мельник С. Р.,456
Крейбух О.Г.,455
Гриновець О. Б.,455
Дмитрук Валентин Васильович,455
Осіік Д. В.,455
Мельничик Ю. С.,455
Дмитрієва М. М.,454
Березій Ю. А.,454
Матвєєва Н. В.,454
Бережнюк В.В.,453
Белов С.В.,453
Березяк Н.Є.,453
Кричмаржевський В.А.,452
Мельник Ярослав Сергійович,452
Склярук Ольга Ігорівна,451
Зубченко Інна Володимирівна,451
Теренчук Ж. В.,451
Пікуль В. П.,451
Савельєва О. В.,451
Чебан В. М.,451
Бабич С. В.,451
Кривцова Г. В.,450
Ягодіна Т. В.,450
Волошина Н. В.,450
Чумак О. В.,450
Черняк В. Г.,449
Левшина Ганна Валеріївна,448
Гирич С. В.,448
Русинчук Микола Миколайович,448
Томин О. О.,448
Бошкова Юлія Миколаївна,447
Сорока Д. В.,447
Абрамов П. С.,447
Павлова А. С.,447
Потетій А. Г.,447
Черненко В. В.,447
Черевко С. П.,446
Кукса Д. А.,446
Драч Ю. І.,446
С.С. Тарапата,446
Лавриненко Л.М.,446
Сидорук Є. І.,446
Щербаченко І. В.,446
Вовк П.В.,446
Музичко Світлана Григорівна,445
Кочегарова Л. М.,445
Парахіна Є. В.,445
Кузнєцова О. Ю.,445
Пустовар О. С.,445
Пухальський С. В.,444
Одринська Т. В.,444
Федорова О. В.,444
Дорош А. І.,444
Василишин Л. В.,444
Бучинська Г.Б.,444
Голота Л. О.,443
Кучма В. В.,443
Тьор Є. М.,443
Гевко В.Л.,443
Закревський В. І.,442
Доценко С. І.,442
Баранкевич В. О.,442
Кухар Наталія Андріївна,442
Буряк І. В.,441
Виноградова В.В.,441
Мандичев Д.В.,441
Гниличенко М. В.,441
Ящук Тетяна Іванівна,441
Мінаєва О.М.,441
Калиниченко Людмила Михайлівна,441
Старосуд М.І.,440
Якименко М.М.,440
Лавренюк Т.А.,439
Гордієнко К. М.,439
Пендюра Л. О.,439
Луганська В. М.,438
Демидова С. О.,438
Василишин В. О.,438
Лисенко Т. Ю.,438
Смокович М. В.,438
Клочко В. М.,438
Семенова Н. М.,438
Шемета Т. М.,438
Маковська Олена Володимирівна,438
Гебеш С. А.,438
Брильовський Роман Михайлович,438
Ярошенко А. Г.,437
Рим Т.Я.,437
Кириченко В. І.,437
Лобов О. А.,437
Демидюк О.О.,437
Тимощук О.Л.,436
Пелипенко Ніна Михайлівна,436
Моголівець І. А.,436
Варибрус В. А.,436
Яцина О. І.,435
Заброцька Людмила Олександрівна,435
Глушко О. І.,435
Луценко Л. В.,435
Кіосак Н. О.,435
Король О. П.,434
Кошля А. О.,434
Харакоз Костянтин Сергійович,434
Савлук Т. В.,434
Акулов Є. М.,434
Сліпченко Олександр Іванович,433
Нор У.М.,433
Майборода С. М.,433
Шрамко Р. Т.,433
Хорошевський О. М.,433
Папаценко П. І.,433
Сердюк Б. С.,432
Конопленко О. С.,432
Колос І.Б.,432
Гусарова В. В.,432
Тураш В. А.,431
Сало Т. Б.,431
Гетьман Руслан Анатолійович,430
Сапон О. В.,430
Мочальська В. М.,430
Панченко О. О.,430
Деркач Н. І.,429
Басай О.В.,429
Фанда О. М.,429
Подзігун Г. В.,429
Халаджи О. В.,428
Лисюк І. О.,428
Мікула В. Є.,428
Суркова В. П.,428
Палінчак О. М.,428
Галиш І. Б.,427
Васильчук С. Ф.,427
Денисюк П. Д.,427
Слободін Михайло Миколайович,427
Карапиш Т. В.,426
Столковський В. І.,426
Грабець С.Ю.,426
Раца В. А.,426
Романюк Ю.Г.,425
Петренко Н. О.,425
Гудков С. В.,425
Пашкевич Р. В.,425
Дочинець С. І.,424
Піх Ю. Р.,424
Галайко Н. М.,424
Запорожан Д.В.,424
Пустовойт Т. В.,424
Стріжакова Т. В.,424
Тихий Павло Володимирович,424
Меженнікова С. П.,423
Теремецька Н. Ф.,423
Румілова Н. М.,422
Чопко Ю.О.,422
Корнієнко В.В.,422
Лутак Т.В.,422
Костецький Назар Володимирович,422
Коротка А. О.,421
Кирилюк В. Ф.,421
Дубровська Н. М.,421
Сташків В. Б.,421
Гончар Н. І.,421
Ковтуненко В. О.,421
Горплюк А.М.,421
Оленич Т.Г.,420
Орчелота А. В.,420
Кавун Т. В.,420
Малєєва О. В.,419
Яценко О. М.,419
Хачатрян Вікторія Сергіївна,419
Маренич Ігор Володимирович,419
Тончева Н. М.,419
Заполовська Т. Г.,418
Матвієвська Г. В.,418
Шумська О. В.,418
Хоменко Л. В.,418
Осташ Андрій Васильович,418
Бойко М. Є.,418
Кодрян Л. І.,417
Корбут В. М.,417
Григораш Віталій Олександрович,417
Любчик О. В.,417
Дробинський О. Е.,417
Висоцька Г. А.,416
Колісник Іван Іванович,416
Воронкін О. А.,415
Морозова І. В.,415
Глубоченко С. М.,415
Зайцева С. А.,415
Цішковський В. А.,415
Чернота Людмила Федорівна,415
О.В. Захарова,415
Гончарук-Аліфанова О. Ю.,415
Олексюк Г.Є.,415
Сіверін Володимир Іванович,415
Чурупченко М. І.,414
Братасюк В. М.,414
Россолов Вячеслав Володимирович,414
Волчек О. О.,414
Янжула О. С.,413
Пазичев В.М.,413
Скільський І.І.,413
Іванчук С.В.,413
Пулик М. В.,413
Коломійцева В. І.,413
Мармаш В. Я.,413
Кравченко Н. О.,411
Мальцева Є. Є.,410
Куліш Ю. В.,410
Барбашова Сільва Вікторівна,410
Заборський В. О.,410
Байцар Л. В.,410
Давидюк О. І.,410
Саркісян О. А.,410
Назарова М. В.,409
Войтко Ю. Б.,409
Шум Л. М.,409
Чулуп О. С.,409
Павленко О. В.,408
Сіренко Ю. Ю.,408
Карабань Я.А.,408
Борачок М. В.,408
Соловйов В. В.,408
Чепенюк Ольга Володимирівна,407
Стрельченко Т. Г.,407
Денисенко Н. О.,407
Іващенко В. М.,407
Зяброва О. Г.,407
Жиганська Н. М.,407
Яківчик І. В.,406
Олійник М. Ф.,406
Калієвський І. Д.,405
Берелет В. В.,405
Макаренко Л. А.,405
Лиманська М. В.,404
Василишин А.Р.,403
Жовнір Г. Б.,403
Загацька Т.В.,403
Михальченко Ю. В.,403
Асташев С. А.,403
Губко В. І.,402
Баб'юк Петро Михайлович,402
Кушнір Віталіна Олександрівна,402
Алєєва І.В.,401
Гутьєва В.В.,401
Ломейко В. В.,401
Манжос Н. В.,401
Бабенко Ю. П.,401
Леміщенко О. О.,400
Камінський С. Е.,400
Куденков К.О.,400
Суслова В.В.,400
Свірідова В. В.,400
Приходько Костянтин Петрович,400
Пилипчук О. В.,399
Ігнатченко Ніна Володимирівна,399
Линдюк В. С.,399
Васильєва Н. М.,399
Ушаков М. М.,399
Кривчун Т. О.,398
Качаленко Є. В.,398
Павлов В. Г.,398
Шкорупеєв Д. А.,398
Сакалош Володимир Миколайович,398
Федусик А.Г.,397
В.М. Соколов,397
Сокуренко Л.В.,397
Дедик Н. П.,397
Квітка О. О.,397
Поєдинок І. А.,397
Боршовський Т.І.,397
Гарасимків Л. І.,397
Кутовий Ю. С.,397
Алтухова О. Ю.,397
Юдіна С. Г.,397
Гейруш В. Б.,396
Бобуйок І. А.,396
Сапіга Віталій Петрович,395
Корчиста О. І.,395
Семенюк І. М.,395
Ткаченко Т. Б.,395
Бондаренко В. В.,395
Матуляк П. Я.,395
Галич О. П.,395
Дутчак І. М.,395
Пархоменко О. В.,395
Вініченко Б. Б.,394
Гуцол М. П.,394
Мичка І. М.,394
Ткаченко Б. Б.,394
Березюк О. Г.,394
Комаревцева Л. В.,394
Бондаренко Т. З.,394
Фонова О.С.,394
Прядко О.В.,393
Бобровська І. В.,393
Усенко Л. М.,393
Турченко Т. В.,393
Данилів Є. О.,392
Соляник А. В.,392
Корнєєва І. В.,392
Бараненко С. М.,391
Макарова Ю. І.,391
Стефанів Т. В.,391
Куропятник О. М.,391
Кіселик С. А.,390
Наумов С. В.,390
Апалькова О. М.,390
Бородовський С. О.,390
Максютенко О. А.,390
Данік Я. І.,390
Аріт К.В.,390
Никифоров Є. О.,389
Коваленко А. В.,389
Чернова Оксана Володимирівна,389
Селівон А.М.,389
Река А. С.,389
Марчук О. Л.,388
Мелінишин Г. П.,388
Березюк Н. П.,388
Хараджа Н. В.,387
Сіянко В. М.,387
Коробов С.О.,387
Бліщ О. Б.,387
Ткачук О. Л.,387
Фурсова Світлана Миколаївна,387
Забуранний Р. А.,387
Кішкіна І. В.,387
Керекеза Я. І.,386
Книш Н.Ю.,386
Фісун Н. В.,386
Василенко Л. І.,386
Мельничук І. І.,385
Мороз О. І.,385
Брезіна Тетяна Миколаївна,385
Федорова О. Ф.,385
Демченко І. М.,385
Свояк Д. В.,385
Агєєв О. В.,385
Гула Л. В.,384
Волошина Н. Л.,384
Бондарчук Л. А.,384
Серебрякова Т. В.,384
С.М. Чиркін,383
Загреба А. В.,383
Парусніков Юрій Борисович,383
Бойчук П. Ю.,383
Богомолова Л. В.,382
Маціщук А.В.,382
Слободян Н. П.,382
Карташов О. Ю.,382
Шеліхіна Р.М.,382
Волкова Н. Я.,382
Бутенко С. Б.,382
Лунь Зоряна Іванівна,381
Гребенюк Наталія Володимирівна,381
Микитенко В. М.,381
Н.В. Савицька,381
Кушнір О. Г.,381
Кропивна Л.В.,381
Медуниця Ольга Євгенівна,381
Ніточко В. В.,380
Ткаченко І. В.,380
Савченко Г.І.,380
Богун О. О.,380
Тацій О.В.,379
Бездідько В. М.,379
Нор Н. В.,379
Головатий А. П.,379
Коблова О. Д.,379
Морока С. М.,379
Льон С. М.,379
Кривошея С. С.,378
Тимошенко А. О.,378
Замша О. В.,378
Марків Ю. С.,378
Плотникова Н. Б.,378
Чумак Т. А.,378
Клок О. М.,377
Строілов С. О.,377
Коваленко Т. О.,377
Заголдна Я.В.,376
Ятченко М. О.,376
Трасковський С. Л.,376
Пнівчук О. В.,376
Бойко І. А.,376
Чорненька Ірина Кузьмінічна,376
Кондор Р. Ю.,376
Воробйов В. В.,375
Космачевська Т. В.,375
Козленко Г. О.,375
Омельченко І. І.,375
Загородько Н. А.,374
Базовкіна Т. М.,374
Ясеновенко Л. В.,374
Панкєєв В. М.,374
Нєвєров І. М.,374
Мороз Н.В.,373
Монташевич С. М.,373
Луковкіна У. Ю.,373
Андрощук Є. М.,373
Заславець Н. В.,373
Карпенко О. Л.,372
Вінніков С.В.,372
Калугіна І. О.,372
Смирнов В. А.,372
Ясінський Л. Ю.,372
Хоруженко Н. В.,372
Стратій Є. В.,372
Новіков О. М.,372
Балаба О. А.,371
Салюк П.І.,371
Маслеников О. А.,371
Гандзій Д. М.,371
Биліна Т. І.,371
Грязнов В.В.,371
Пушко І.І.,371
Новікова Г. В.,371
Ротар М. М.,371
Марусяк М. О.,371
Гармаш Т. І.,371
Ковальчук Тетяна Іванівна,371
Родіонов С. О.,370
Лузан Л. В.,370
Клапоущак С. Ю.,370
Стасюк Р. М.,370
Попова С. А.,370
Старжинська О. Є.,370
Кибич І. А.,369
Кутурланова О. В.,369
Горчакова О. І.,369
Саврій В.А.,369
Слободонюк Михайло Васильович,369
Аблов Є.В.,368
Майданевич А.Г.,368
Цвіра Д. М.,368
Бурда Н.М.,368
Олейнікова Г. М.,368
Головатий Р. Я.,368
Курій Н. М.,367
Янжула С. А.,367
Федонюк С. Ю.,367
Клімова С. В.,367
Подобєд О. К.,367
Леонов О. С.,367
Грибанова Л. О.,366
Васильєва Т. Ю.,366
Мачульський Віктор Володимирович,366
Войтович І.І.,366
Пузанова Л. В.,366
Ціпивко І. І.,365
Грень Наталія Михайлівна,365
Михайленко А. В.,365
Сітніков Т. Б.,365
Ясиновський Р. Б.,365
Мягкий О. В.,365
Чопик В. В.,364
Дужич С.П.,364
Вінгаль В. М.,364
Боброва І. О.,364
Орендовський В. А.,364
Плахов Олексій Вікторович,363
Демідова Поліна Віталіївна,363
Петрова Валентина Іванівна,363
Шевчук Л. Я.,363
Вадовська А. В.,363
Червоненко Д. В.,362
Сушко Л.М.,362
Шутенко Інна Анатоліївна,361
Кочко В. К.,361
Чернюк І. В.,361
Даруда І. А.,361
Мироненко І. П.,361
Соколишина Л. Б.,360
Козаченко Р. В.,360
Гарський О. В.,360
Харченко С. М.,360
Ан О. В.,360
Макарова Юлія Вадимівна,360
Подліянова Г. С.,360
Драніков С. М.,360
Панікар І.В.,360
Васалатій К. А.,360
Терещенко Д. В.,360
Неверовська Л. М.,360
Панасюк С. Л.,359
Ємчук В. Е.,359
Кащук Д. А.,359
Медяна Ю. В.,359
Бородійчук О. І.,359
Лебединський С. Й.,359
Яковлева В. С.,358
Федоренко Ю.В.,358
Дутка Віталій Володимирович,358
Янів Н. М.,358
Власов Ю.Л.,358
Гураль Л. Л.,358
Бондарєва О. І.,358
Рева О. І.,358
Папоян В. В.,358
Крисанова В. І.,358
Мартюхіна Наталя Олександрівна,358
Гнатущенко Ю.В.,357
Полєв Дмитро Миколайович,357
Маркарова С. В.,357
Мацко О.С.,357
Колтунова А. І.,357
Міросєді А. І.,357
Сіденко С. І.,356
Васильченко О. Г.,356
Яворська Ж. М.,356
Гусач О. М.,356
Желіховський В. М.,356
Колодій С.Б.,356
Гавриленко О. М.,355
Музика М.В.,354
М.А. Білоноженко,354
Ярема Л. В.,354
Прокопчук Л. М.,354
Лазарева Г. М.,354
Тананайська Ю. А.,354
Ференс-Піжук О. Р.,354
Єрьоміна О. В.,354
Стойка Оксана Володимирівна,354
Опанасюк І. О.,353
Стадник М.С.,353
Скрипник С. М.,353
Ніколова С. В.,353
Шуляк А. С.,353
Головенко О. С.,353
Гаврилова Г. Л.,353
Вінер Е. А.,352
Погребняк Т. Ю.,352
Розізнана І.В.,351
Байбак О.І.,351
Царюк Л. М.,350
Миханюк М.В.,350
Павлюк І.Ю.,350
Кобеляцька-Шаховал І. О.,350
Фетисова І.А.,350
Бовчалюк З. А.,350
Галасюк Р. А.,350
Назарук О. В.,350
Токмакова А. П.,350
Бойко В. П.,350
Кобзар Ю. Ю.,349
Іванюта Т. Є.,349
Вишар І. Ю.,349
Степаненко О. М.,349
Кихтюк Р. М.,348
Киця С. I.,348
Шеремета Г. І.,348
Євдокімова О. П.,348
Попова О. М.,347
Вернік В. М.,347
Залеська А. О.,347
Іванова О. В.,347
Бондаренко А. А.,346
Копилова Л. В.,346
Сопрун В. В.,346
Ванівський О. М.,345
Пилип'юк І. В.,345
Король О. В.,345
Авраменко Т. М.,345
Бузовський В. В.,345
Запорожець Л. М.,344
Бондаренко О. І.,344
Кочура О. О.,343
Новицький Є. А.,343
Гушилик Світлана Миколаївна,342
Панасюк О. С.,342
Остропілець Є. Р.,341
Колесник Р.М.,341
Біляєва О. М.,341
Носов В. В.,341
Калмикова Л. К.,341
Дубановська І. Д.,341
Білоусова Ярослава Олексіївна,340
Здоровко Людмила Миколаївна,340
Лейба Максим Олександрович,339
Романюк Р.В.,339
Шабрацький Г. О.,339
Муругов В. В.,339
Чельник О. І.,339
Пасічник Д. І.,339
Кускова Т. В.,339
Романенко А.В.,339
Кіпчарський М. О.,339
Протасов В. І.,338
Клименко Л. В.,338
Маршал І. М.,338
Стахова Н. В.,338
Тустановський А. О.,338
Чепурнов В. О.,338
Склярська І. В.,337
Шипович В. В.,337
Гудак А.В.,337
Міхасішин І. В.,337
Загрунний В. Г.,336
Стрюк Л. І.,336
Шевченко І. І.,336
С.М. Гарань,336
Дронська І. О.,335
Нечипоренко І. М.,335
Максимчин Ю. Д.,335
Половінкіна Н. Ю.,335
Базарник Б. І.,335
Шитченко Н. В.,335
Гримут В. І.,334
Варгаракі С. М.,334
Санікова О. С.,334
Донченко Ю. В.,333
Ковчежнюк В. М.,333
Крутько Олена Василівна,333
Матвійчук Л. В.,333
Бородійчук В. Г.,333
Яркіна С. В.,333
Едер П. Т.,333
Гапоненко Р. В.,332
Парфененко О. Я.,332
Ємельянова О.О.,332
Микитин Н.М.,332
Говорун Олександр Володимирович,332
Антонюк О. В.,331
Тимченко О. О.,331
Пономаренко Т.О.,331
Сидоренко С.М.,331
Максимів І. В.,330
Боровець Я.Я.,330
Токар Н. В.,330
Савін О. І.,330
Хрипун О.О.,329
Здрилюк О. І.,329
Пуль Олена Анатоліївна,328
Войнаровський І. В.,328
Проць В. А.,328
Ганько І. І.,328
Мальований Ю. М.,327
Гавдик Зіновій Володимирович,327
Київська Т. Б.,327
Ноувен М.П.,327
Бурлак Г. І.,327
Вуїв О. В.,327
Миронюк Сергій Олександрович,327
Лакіза Валентина Володимирівна,326
Антонюк М. С.,326
Ходоровський М. В.,326
Соболєв Є. О.,326
Мальований В. О.,326
Бутирський Андрій Анатолійович,326
Якименко Л. О.,326
Мислива Л. М.,326
Паньков Д. А.,325
Пушай Володимир Іванович,325
Токарєв С. М.,325
Дуда О. О.,325
Рибнікова М. М.,325
Яресько А. В.,325
Данилюк В. А.,324
Юрчук М.І.,324
Ігнатенко П. Я.,324
Рибчинський В. П.,324
Торчинюк В.Г.,324
Гутій О. В.,324
Л.О. Єресько,324
Фунжий О. А.,323
Тимчук Р. І.,323
Євстафієв О. К.,323
Борняк Р. О.,322
Здоровило В. А.,321
Кружиліна О. А.,320
Завадська О. П.,320
Воронько Володимир Дмитрович,320
Заверюха В. О.,320
Геза Таісія Дмитрівна,320
Медведєва Н. А.,320
Суханова Єлизавета Миколаївна,319
Бечко Є. М.,319
Новак Ю. Д.,319
Богацька Н.С.,319
Фоміна Віра Олексіївна,319
Чернякова Н. В.,318
Миронова О. В.,318
Біцюк А. В.,318
Головчак М. М.,317
Цибульський О. Є.,317
Кононихіна Н. Ю.,317
Рукас О. В.,317
Гринишина А. А.,317
Лицур І. М.,317
Тимошенко О.М.,317
Карпук А. К.,317
Суховаров А.В.,317
Ю.О.Паляниця,316
Колодяжний С. Ю.,316
Бурхан С. М.,316
Кодінцева С. В.,316
Марущак Ілля Васильович,315
Лозовський Олександр Анатолійович,315
Кулініч Ю. П.,314
Пилип'юк Г. М.,314
Козлов Р. Ю.,314
Явіца І. В.,314
Демитор Наталія Володимирівна,313
Голік Г. К.,313
Шаповал З. О.,313
Кадигроб С. М.,312
Малишенко Т. О.,312
Куценко О. В.,312
Бейко А. М.,312
Левшина Яна Олександрівна,312
Марченко М. В.,312
Завіновська А. П.,311
Левчук В. В.,311
Гнатюк В. О.,311
Мельник-Томенко Ж. М.,310
Мигаль Г. П.,310
Погрібна С.В.,310
Мацунич М. В.,310
Бурко Р. В.,310
Куценко О. О.,310
Могила А.Б.,310
Воробйов В. Л.,309
Волков Ю. Р.,309
Гут Ю. О.,309
Фульга А. П.,309
Коломис В.В.,309
Колотієвський О. О.,309
Чорна Т. Г.,308
Стадченко О. В.,308
Крамаренко Т. В.,307
Штогун О.С.,307
Львов Б.Ю.,307
Бориславський Ю. Л.,307
Круль І. В.,307
Онищенко О. І.,307
Ковбаса Ю. П.,307
Сас С. С.,307
Лущак Н. І.,306
Рябчук Олена Сергіївна,306
Бездітко В. М.,306
Сівчук А. Є.,305
Братичак Уляна Володимирівна,304
Діброва Г.І.,304
Баєва О. І.,304
Осіпенко Л. М.,304
Половинка В. О.,304
Мозговий В. Б.,303
Принцевська В. П.,303
Глущенко Яна Борисівна,303
Морозова Н. Л.,303
Шевчук Г. М.,303
Черненко В. О.,303
Скрипка А. А.,303
Самчишина Н. В.,302
Федіна А. В.,302
Обідіна О. І.,302
Беспалько Т. Д.,302
Шевель Ольга Вікторівна,302
Баранов О. І.,301
Гайдич Р. М.,301
Ткаченко Б.О.,301
Адаменко І. М.,300
Данилевський М. А.,300
Скиба С. А.,300
Заверуха Олег Богданович,300
Косенко Т.В.,300
Мізюк В. М.,300
Островська Н. І.,299
Ткач З. Є.,299
Вороняк Андрій Сергійович,299
Колосовський С. Ю.,299
Мамонова О. Є.,298
Майданік В. В.,298
Соколовська Т. О.,297
Смоляр О. А.,297
Франчук О. Д.,297
Соловйов К.В.,296
Головачов Ярослав Вячеславович,296
Шаманська Н. О.,296
Надопта А. А.,296
Романюк Л. Ф.,296
Кузюра Л. В.,296
Карабан І. І.,295
Писана Таміла Олександрівна,295
Д.М. Огороднік,295
Остапенко Т.А.,295
Русанова В.Б.,295
Дідоренко А. Е.,294
Коваленко О. А.,294
Дзеньдзюра С. М.,294
Барановський Роман Анатолійович,294
Поровський В.А.,294
Кашпрук Г. М.,293
Кочергіна В.О.,293
І.К. Чорненька,293
Кавацюк В. І.,291
Пилип'як П. В.,291
Цвітайло П. В.,291
Комзюк А. Ф.,291
Бондаренко С. І.,291
Льговська Ю.М.,290
Кулікова Світлана Василівна,290
Петров Є. В.,290
Леньо В. В.,290
Русіна А. А.,290
Бородіна Лариса Іванівна,289
Путря О. Г.,289
Павлів З. С.,289
Партоліна І. П.,289
Мурзенко М. В.,289
Попков Денис Олександрович,288
Макаревич В.А.,288
Черкашина М. С.,288
Антонов А. В.,287
Шикеря І. А.,287
Бездрабко В. О.,286
Лелюк Олександр Петрович,286
Грабовський В. В.,286
Степченко М. Ю.,286
Кравців В. І.,286
Кулєбякін В. О.,285
Дячук О. О.,285
Трагнюк В. Р.,285
Темнікова В. І.,284
Домарєв О. В.,284
Іванченко Микола Миколайович,284
Якименко М. М.,284
Голуб Світлана Анатоліївна,283
Єфтеньєв О. Г.,283
Ширінська О. Х.,283
Керніцький І. І.,282
Савченко І. Б.,282
Яковлєв М.Л.,282
Скотар А. Ю.,282
Лобановська С. М.,282
Лісовицький Є.А.,282
Бакаїм М. В.,282
Чуб І. А.,282
Синянська Я. М.,281
Мазурчак А. Г.,281
Калько О. С.,281
Чернецька Н. С.,281
Головань А. М.,281
Єрмаков Ю. В.,281
Пічкур С. Д.,281
Бучківська В. Л.,281
Висоцька Н. В.,280
Храпак Н. М.,280
Андрусів І. М.,280
Цвіркун О. С.,280
Дорошинська В. Е.,280
Грицьків В. Т.,279
Мартинишин М. О.,279
Тарасова Ірина Валеріївна,279
Єсауленко М. В.,279
Лупенко А. В.,279
Губар В. С.,279
Свентух Віталій Михайлович,279
Туржанський В. В.,279
Шкреба В. В.,278
Мазай Н. В.,278
Никифоряк Л. П.,278
Феха Т.С.,277
Костриця О.О.,277
Гал Л. Л.,277
Ткаченко С. Є.,277
Вейтас І. В.,277
Ситнік Олена Миколаївна,277
Глинська Д. Б.,277
Ільтьо І. І.,277
Політика Н.А.,276
Потапов О. О.,276
Опришко П. З.,276
Гершкул І. М.,276
Гнип О. І.,276
Малихін О. О.,275
Гургула В. Б.,275
П’янова Я.В.,275
Кірімова О. М.,274
Свиргуненко Ю. М.,274
Шепель К. А.,274
Жежера О. В.,274
Білоусенко І. В.,274
Савченко А. Г.,273
Семенов О. А.,273
Гончарук Олег Валентинович,273
Горгулько Н. А.,273
Ямкова О. О.,273
Скрипченко Д. М.,272
Долінська О.З.,272
Павлів В. Р.,272
Бесараб Н. В.,272
Лук'яненко М.О.,272
Березовенко Руслана Вікторівна,272
Калиновська Л. В.,272
Уліганинець П. І.,272
Сітайло Л.Г.,271
Зима І. Є.,271
Кріль Л. М.,271
Тихомиров І. В.,271
Войнаревич М. Г.,271
Скаковська І. В.,271
Тордія Е. Н.,270
Бандура А. П.,270
Заришняк Галина Миколаївна,270
Лукінова К. С.,269
Трушина О. І.,269
Лук'янова О. В.,269
Коломієць В. В.,269
Орловська Н. В.,269
Коваль В. О.,269
Дзерин М. М.,269
Старостін В.В.,268
Крестьянінов Олексій Олександрович,268
Лизенко А. В.,268
Тептюк Є. П.,268
Кіпчарський О. М.,268
Цуренко В. А.,267
Лісняк В. В.,267
Яковець Н. В.,267
П.В. Демідова,267
Горецька З. В.,267
Щебуняєва Л. Л.,267
Некрасов О. О.,267
Кривка В. П.,267
Савенко О. М.,267
Сухович Ю.О.,266
Порощук П. П.,265
Кіндяк І. С.,265
Томашевський О. О.,265
Полях Н.А.,264
Кулянда М. І.,264
Олійник С. В.,264
Фисун Л. С.,264
Матюхін Володимир Іванович,264
Терлецька-Байдюк Н.Я.,263
Літовка В. В.,263
Білич Ірина Михайлівна,263
Кривенко О. В.,263
Базіль Л. В.,262
Ратушняк І. О.,262
Маньковська О. О.,262
Семенюк Л. А.,262
Волошин С. О.,261
Карбовнік І. М.,261
Мамаєв В. А.,261
Гапончук В. В.,261
Зюбанова Н.М.,261
Курдюков В. М.,261
Лисенко П. П.,260
Куксов В.В.,260
Гончар І. В.,260
Кучаковський Ю. С.,260
Ященко С. О.,260
Демчук П. В.,259
Сташків Т. Б.,259
Кошева О. А.,259
Стеганцов С. М.,259
Одинак О. О.,259
Денісов В. П.,259
Горбачов Ю. М.,259
Шлапак Д. О.,258
Мартинюк Віталій Ярославович,258
Медведик Л. О.,258
Каліушко Ф. А.,258
Іващенко А. І.,258
Данилова О. О.,257
Рябченко В. В.,257
Березень Ю.В.,257
Стадник І. М.,257
Запорожець О. М.,257
Воробйова І. А.,257
Головіна Т. М.,256
Васіна Л. А.,256
Бурда П. О.,256
Мушкет О. О.,256
Крамар О. В.,256
Владичан А. І.,255
Бунін Є. О.,255
Літвіненко Т. Я.,255
Давидюк В.К.,255
Діброва О. В.,255
Козіна С. М.,255
Маслоід Олена Степанівна,255
Балась Т.П.,255
Олексюк Т. І.,254
Саприкіна Ірина Валентинівна,254
Дмитренко М. І.,254
Сараєв І. А.,253
Приходько В. А.,253
Коваленко В. Д.,253
Шиян В. М.,253
Цілюрик В. П.,252
Ланна Я. О.,252
Білінська Г. Б.,251
Лівінський Сергій Володимирович,251
Гурин Микола Олександрович,251
Бабенко Костянтин Анатолійович,251
Бабічева Л. П.,250
Казан І. С.,250
Руденко О.В.,249
Шкуренков М. В.,249
Луців-Шумська Н. Л.,249
Лосєв Д. К.,249
Чаус Л. В.,249
Єгорова Н. І.,248
Шевчук В. М.,248
Пономаренко В. В.,248
Стратович О. В.,248
Бугрик В. В.,247
Луговець О. А.,247
Мирошниченко Ю. М.,247
Демченко Л. М.,247
Полікарпова О. М.,247
Маркович І. І.,246
Нестеренко Т. В.,246
Ланкевич Андрій Зіновійович,246
Кирилюк А. І.,246
Савенко М. Є.,246
Маргитич О. І.,246
Циганко М. О.,246
Уханьова І. С.,245
Постигач О. Б.,245
В'юник Н. Г.,244
Довгий І.І.,244
Сіренко Ю. В.,244
Гудкова Ю. Г.,244
Жорняк О. М.,243
Андросов О. М.,243
Свистун О. М.,243
Ліуш А. І.,243
Медвецький С. К.,243
Бєлкіна Д. С.,242
Бершадська Г. В.,242
Тинок Олександр Сергійович,242
Черпіцька Людмила Тимофіївна,242
Пантелієнко В. Г.,242
Гладіч Н. І.,242
Карповець В. В.,242
Баронін Д. Б.,242
Лашевич Валерій Миколайович,242
К.І. Аксьонова,242
Лакіза Г. П.,241
Ісаєва Д. А.,241
Скітневська О. М.,241
Єлісєєва Т. Ю.,241
Дудяк С. В.,240
Францішко Ю. В.,240
Глинянчук В. Д.,240
Шестаковська Л. П.,240
Рищенко Андрій Юрійович,240
Радосюк А. В.,239
Заярнюк І.В.,239
Скуба А. В.,239
Мовчан Н. В.,239
Зушман Г. І.,239
Горбенко Н. О.,238
Масенко Денис Євгенович,238
Кононенко Т. О.,238
Мигович О. М.,238
Гамула Б. С.,238
Парандюк Т. С.,238
Юркевич М. В.,238
Палазюк В. М.,237
Іванюк Т. І.,237
Гуль В'ячеслав Володимирович,237
Рак Л. М.,237
Скороход Т. Н.,237
Котик Л.О.,237
Моргун Г. Л.,237
Воронцова Л. П.,236
Клімченко М. І.,236
Попов О. Г.,236
Білик І. А.,236
Ціленко В. А.,235
Костроба Ю. Ю.,235
Коновалова В. А.,235
Дудник В. І.,235
Соловей В. В.,235
Лисак І. Н.,235
Січиокно Т. О.,234
Іщенко Х. В.,234
Кардаш О. І.,234
Галіян І. М.,234
Мазуренко Ю. В.,234
Смотрицький В. Г.,234
Брагін В. І.,234
Саукова А. А.,234
Охотницька Н.В,234
Делікатна Л. В.,233
Логвінова О. В.,233
Слоквенко Г. П.,233
Антонов А. А.,233
Росік Тетяна Володимирівна,232
Мельниченко С. П.,232
Ніколаєва Лариса Вікторівна,232
Романчук Р. В.,231
Янішевська О. С.,231
Матвійчук С. П.,231
Ковалюк І. П.,231
Собчук А. Ю.,231
Ковальчук О. І.,230
Глущенко Н. М.,230
Данко Леся Семенівна,230
Дригваль В. М.,230
Кучеренко В. Г.,230
Янчук С. В.,230
Угорчук В. В.,230
Лялик Р. М.,229
Тростенюк В. А.,229
Джерелейко О. Є.,229
Тарасенко К.В.,229
Перепелюк І. Б.,229
Литвинюк І. М.,229
Рішко Г. І.,228
Болибок Є. А.,228
Гашук К. В.,227
Галицький В. В.,226
Мельник М. Л.,226
Щербина О. О.,226
Мараєва Наталія Євгенівна,226
Гаврилюк Т. В.,226
Вачко В. І.,225
Чебанова-Губарєва Н. В.,225
Оксененко Олег Миколайович,225
Локтіонова О. В.,225
Ніколаєв Михайло Ілліч,225
Задорожна А. М.,225
Терещенко О. І.,224
Мостова Галина Іванівна,224
Єрмічова В. В.,224
Поштаренко О. В.,224
Тулик І. І.,224
Фролова Н. М.,224
Мурашова Н. В.,223
Фролов О. Л.,223
Левко Т. Ю.,223
Рижий О. А.,222
Пістун А. О.,222
Нагорний А. О.,222
Жовноватюк В. С.,221
Проценко О. М.,221
Вужиловський О. В.,221
Савченко О. А.,221
Савєльєва А. І.,220
Коссак С.М.,220
Зеленський В.В.,220
Боголюбова Л. М.,219
Секірський А.В.,219
Семенченко О. М.,219
Васильчук О. В.,219
Коваленко Н. В.,218
Хардіна О. П.,218
Ткач О. В.,218
Юхименко Н. В.,218
Коцюба О. М.,218
Чернік А. П.,218
Деркач Н. М.,218
Сова Т. Г.,218
Проскурняк І. Г.,217
Шишко О. А.,217
Пархоменко Наталія Володимирівна,217
Присяжнюк Олег Богданович,217
Замченко А. О.,217
Котубей І. І.,216
Калараш А. А.,216
Мельничук О. В.,216
Хижний Р. В.,216
Яковлев Д. О.,216
Лященко Наталія Павлівна,216
Скарницька І. Б.,216
Волкова С. Я.,216
Онушканич В. В.,216
Дикун С. І.,215
Вівчар Г. А.,215
Римлянська Г. О.,215
Хамзін Т. Р.,215
Закаблук О. В.,215
Якименко Т. О.,215
Ткаченко Д. В.,215
Ю.В. Макарова,214
Яроцький А.М.,214
Маковійчук Ю. В.,214
Марчук В. С.,214
Загнійко А. В.,214
Мануляк Ю. В.,213
Гальонкіна Ю. С.,213
Ященко Микола Анатолійович,213
Золотар М. М.,212
Битківський Л. М.,212
Крот С. І.,212
Малахова-Онуфер А. М.,212
Мамчин П. І.,212
Дем'яненко І. В.,211
Якимів Р. В.,211
Олексюк А.О.,211
Гальченко О. О.,211
Рибка Л. Я.,211
Мельник О.В.,210
Малярчук В. В.,210
Глуханчук О. В.,209
Огороднік Діна Миколаївна,209
Панасюк І. В.,209
Корсун О. М.,209
Ведяніна Т.О.,209
Кунцьо С. В.,209
Ткаченко О.Є.,208
Нельга Д. В.,208
Трускавецький В.П.,208
Лівочка Л. І.,208
Вергопуло К. В.,208
Калмикова Ю. О.,208
Гусев О. Г.,207
Войтенко Ю. В.,207
Яворська Н. І.,207
Полубан М. П.,207
Шіляк М. А.,207
Середня Н. Г.,206
Синиця Л. П.,206
Сиволап Д. С.,206
Дьомич Л. М.,206
Яворський Б.І.,206
Лічман Л. Г.,206
Гріпас Ю. О.,206
Волкова О. М.,205
Михайлюк О. А.,205
Горуц Р. О.,205
Восковська О. А.,205
Г.П. Казанчук,205
Рибак Іван Олексійович,204
Костів О. З.,204
Петен Я. Л.,204
Бакуліна Світлана Віталіївна,203
Дадашева С. В.,203
Савченко Є. М.,203
Фейір О. О.,203
Зейкан І.Ю.,203
Білоконев В. М.,203
Яковлєв О. С.,202
Лучко О.О.,201
Білик Наталія Володимирівна,201
Жиляєв Є.М.,201
Барков В. М.,200
Калькова О. А.,200
Бакай І. А.,199
Шиховцова А. О.,199
Сенько Л. Ю.,199
Захожай О. І.,199
Литвинов А. В.,199
Грицай М. М.,199
Макаровець Алла Миколаївна,198
Марціцка І. Б.,198
Баськов М. М.,198
Бисага Т. Ю.,198
Орос Я. В.,198
Іваненко І. В.,198
Маренюк В. Л.,198
Таргоній М.В.,198
О.А. Рідзель,198
Подоляк Ю.В.,197
Фаріонова О. М.,197
Щавурська Н. Б.,197
Юрчак Л. Б.,197
Галичанський О. І.,197
Харченко В. Ф.,197
Флоряк Д. В.,197
Місюра К. В.,197
Бугіль В. В.,197
Рассуждай В. Я.,196
Павленко Н.А.,196
Дідик А. В.,196
Супрун О. П.,196
Рябішин А. О.,195
Кадегроб А. І.,195
Лила В. М.,195
Черниш О. Л.,195
Бораковський В. М.,195
Волошин Р. Р.,195
Борсук В. О.,194
Стопник С.Г.,194
Яковлєва Світлана Володимирівна,194
Скородєлова В. В.,194
Андріянов О. В.,194
Глиняний Віктор Петрович,194
Іщенко О. В.,193
Паленик Ігор Григорович,193
Смаль І. А.,192
Божук Д.А.,192
Гудима Дмитро Анатолійович,192
Феленко Ю. А.,191
Яковець О. Ф.,191
Токарська І. С.,191
Харлан Н. М.,190
Гонтар А. А.,190
Бачун О. І.,190
Комишня Н. І.,190
Гаврилова О. В.,190
Гайдур А. Ю.,190
Косенко Ю. Л.,189
Тихонова Н. С.,189
Іванова А. П.,189
Короїд Ю. М.,189
Іщенко І. В.,189
Брона А. Л.,189
Височанська Н. К.,189
Кравців Олег Романович,189
Цимбал І. К.,189
Тимчук Р. М.,189
Короткий І. П.,188
Вольська-Тонієвич О. В.,188
Зайцев А. Ю.,188
Куст Н. М.,188
Довжанин М. М.,188
Кудрявцев І. В.,188
Ковальчук М. В.,188
Крикливий В. В.,187
Робак М. В.,187
Шевиріна Т. Д.,187
Крупник Р.В.,187
Масюк Л. О.,186
Кологрива Т. М.,186
Дев'ятко В. В.,186
Пелих О. О.,185
Трубніков А. В.,185
Плотніцький Борис Дмитрович,185
Могильний Олег Павлович,185
Повзло В. В.,185
Феськов П. В.,185
Літвин О. О.,185
Король Володимир Володимирович,184
Голуб О. А.,184
Мурашова Н. А.,183
Іванченко Я. М.,183
Волощук О. Я.,183
Позняк В. С.,183
Сенечин В. М.,183
Бараненко Ігор Іванович,182
Ведмідь Н. В.,182
Артиш Я. Д.,182
Шелестов К. О.,182
Михалюк О. П.,181
Кісь Д. П.,181
Губіш О. А.,181
Гончарук Л. Я.,181
Білецька Алла Миколаївна,181
Калиній Г. В.,181
Мєлєшак О. В.,180
Мазур Микола Вікторович,180
Руденко З. Б.,180
Ковальчук О. А.,180
Карнасевич Г. І.,180
Журавель Т. С.,180
Корнілова Ж. О.,179
Іщенко І. М.,179
Курочкіна О. М.,179
Ромазан Л. С.,179
Фазан О. З.,179
Потапова О. М.,179
Селинний М. С.,179
Іванов А.В.,178
Осаулова Н. А.,178
Жмурченко В. Д.,178
Філонова Ю. О.,177
Дядечко І. І.,177
"Овсеп""""ян Т. В.,177"
Жук Андрій Володимирович,177
Торопенко М. В.,176
Ляху Г. О.,176
Чуприна А. П.,176
Данилюк О. С.,176
Дармакука Т. П.,176
Полюшко А. В.,176
Драгнєвіч О.В.,175
Хомченко С. І.,175
Слісар А. В.,175
Богдан М. В.,175
Гриців Михайло Іванович,174
Войтун О. Б.,174
Нагорняк Є. П.,174
Русинчук М. М.,173
Марчук Олександр Петрович,173
Гранін В. Л.,173
Федорончук В. Б.,173
Матієк Тетяна Василівна,173
Горейко М. Д.,173
Поляниця М. М.,173
Мишко В. В.,172
Омельченко М. М.,172
Олійник П. В.,171
Сенін В. Ю.,171
Крижанівська Ганна Володимирівна,171
Ариничева С. А.,170
Приходько Л. А.,170
Кулішенко Юрій Миколайович,170
Козюменська В. В.,170
Сташків Б. І.,170
Дундар І. О.,170
Стороженко Сергій Олександрович,169
Азевич В. Б.,169
Рунов В. Ю.,169
Проскурняк Олег Георгійович,169
Слинько Сергій Станіславович,169
Деркачов О. В.,169
Красюк К. І.,169
Іванченко О. Ю.,168
Мельничук Н. В.,168
Шморгун В.В.,168
Жевнєрова Н. В.,168
Хомик І. І.,167
Шульга К. М.,167
К.І. Стукаленко,167
Смольняков О. О.,166
Грица Ю. І.,166
Нещеретна Л. М.,166
Неминущій Г. Л.,165
Яценко Г. М.,165
Марчук Наталія Олегівна,165
Міщенко К. М.,165
Гуцал І. П.,165
Петешенкова М. Ю.,165
Рибачук Андрій Іванович,164
Кузнєцов Д. В.,164
Радіонова Олена Олександрівна,164
Капуш І. С.,164
Подолюк В. А.,164
Шкрібляк Ю. Д.,164
Литвиненко І. І.,164
Тітівалов Р. К.,164
Терновенко А. В.,163
Котелевський Р. І.,163
Грошева О. Ю.,163
Кишакевич Лев Юрійович,163
Лях М. М.,162
Гапонов А. В.,162
Баранський Д. М.,162
Самусь Л. В.,162
Петренко Н.Д.,162
Грек М. М.,162
Каленяк Р. А.,161
Сасевич Олександр Михайлович,161
Матус В. В.,161
Гемма Ю. М.,161
Малков В.В.,161
Сіренко Н. С.,161
Маринич В`ячеслав Карпович,161
Сидор Наталія Теодозіївна,160
Целух А. П.,160
Наумова О. С.,160
Тітов М. Ю.,160
Данчук В. В.,160
Іванків О.В.,160
Антипова І. Л.,159
Істоміна Олена Аркадіївна,159
Гончаренко В. М.,159
Юрдига Ольга Степанівна,158
Валігура Д. М.,158
Кедик Марія Василівна,158
Байталюк Володимир Дмитрович,158
Онопченко Ю. В.,158
Сідей Я. Я.,157
Савицький С. А.,157
Губницький Д. Г.,157
Бєсєда Г. В.,157
Проць Т. В.,157
Калиняк О. М.,156
Шиш А. Б.,156
Лямзіна Н. Ю.,156
Гресько В. А.,156
Гетьман Л. В.,156
Маліченко В. В.,156
Князєв Всеволод Сергійович,156
Піщуліна І. С.,155
Чирський Г. М.,155
Морозов В. В.,155
Клименко Оксана Миколаївна,155
Борєйко О. М.,154
Моцьор В.В.,154
Дідик М. В.,154
Віятик Наталія Володимирівна,154
Девляшевський В. А.,154
Просалова О. М.,153
Нізельковська Л. В.,153
Пономарьова О. М.,153
Даниленко В. В.,152
Ковальчук Л. В.,152
Фатєєва Н. І.,152
Григорчак Ю. П.,152
Соловйов А. В.,152
Рєпін К. К.,152
Бородій Василь Миколайович,152
Ткач О. І.,152
Багрій Т. Я.,152
Васильєв О. П.,152
Мащук В. Ю.,151
Ляшук В. В.,151
Лукманова О.М.,151
Гніздилов Ю. М.,151
Толкаченко О. О.,151
Рудаков Д. І.,150
Кривошея А. І.,150
Трещов В. В.,150
Поступайло В. В.,150
Курило О. М.,150
Старовойтова С. М.,150
Кострицький В. В.,150
Даценко В. М.,149
Галин В. П.,149
Заіченко В. Л.,149
Тютюник М. С.,149
Кукурудз Б. І.,149
Літвінова Л. Ф.,149
Свинченко Г. Д.,149
Кротінова Олена Вікторівна,149
Павленко О. О.,149
Варнавська Л. О.,149
Олійник О. В.,148
Міняйло М. П.,148
Поливач Любов Дмитрівна,148
Копіца О. В.,148
Снігурський В. В.,148
Дамчук О. О.,147
Кульбаба А. В.,147
Шешеня М. О.,147
Швець Микола Васильович,147
Пилипенко С. В.,147
Калинич Я.М.,147
Галамай О. З.,147
Жовток Є. А.,147
Євлах О. О.,147
Галига І. О.,147
Кліщ О. В.,147
Шидловський О. В.,146
Красновський І. В.,146
К.Ю. Широка,146
Суходольський О. М.,146
Сябренко І. П.,146
Міхєєва І. М.,145
Мурманова І. М.,145
Мельниченко Л. А.,144
Унгурян С. В.,144
Гайду Г. В.,144
Демидова М.О.,143
Корнієнко С. В.,143
Олійник В. Б.,143
Догарєва І. О.,143
Сорокін К. В.,143
Тіщенко Л. В.,142
Українець П. Ф.,142
Папарига В. А.,142
Саламаха О. В.,142
Кічмаренко С. М.,142
Парфенюк В. І.,142
Герасименко В. М.,141
Рогач Лариса Іванівна,141
Нечуй Б. П.,141
Майданніков О. І.,141
Бузунко О. А.,141
Масловський С.В.,141
Олещук Б. Т.,141
Калініченко І. С.,140
Дружинін К. М.,140
Малєєв А. Ю.,140
Борисова Н. А.,140
Гулієва М. І.,140
Громік Р. Д.,140
Лагнюк Микола Михайлович,140
Пищида М. М.,140
Гриновецький Б. М.,139
Фрич Тетяна Вікторівна,139
Князюк О. В.,139
Максименко Л. В.,139
Рогозін С. В.,139
Семиженко Г. В.,139
Іващук В. Я.,138
Лазаренко В. В.,138
Фазикош Г. В.,138
Смірнова В. В.,138
Бошков І. Д.,138
Урдюк Т. М.,137
Голубицький Станіслав Савелійович,137
Шигірт Ф. С.,137
Кравченко Станіслав Іванович,136
Клименко І. В.,136
Баглай І. П.,136
Нестеренко Є. В.,136
Кушнерик Мар’ян Петрович,136
Крохмалюк І. П.,136
Домусчі С.Д.,136
Кравцов С. О.,136
Свіягіна І. М.,135
Грипіч Л. А.,135
Медяний В. М.,135
Олефіренко Н.А.,135
Мельник Ю. А.,134
Шилова Олена Миколаївна,134
Подорога Л. В.,134
Уркевич Віталій Юрійович,134
Широкопояс Ю. В.,134
Бущенко Аркадій Петрович,134
Чорна В. Г.,134
Щербина-Почтовик І. В.,134
Шевченко Тетяна Валентинівна,134
Ігнатенко В. В.,134
Стоцька Л. А.,133
Анцупова Тетяна Олександрівна,133
Хіль Л. М.,133
Сидоров Є. В.,133
Гуртовенко Р. В.,133
Карпінська Ю. Ф.,132
Круподеря Д. О.,132
Павлінчук С. С.,132
Лях В. І.,132
Авалян Н. М.,132
Шалота К. В.,131
Чистик Андрій Олегович,131
Стеценко О. С.,130
Стефанів Надія Степанівна,130
Єльцов В. О.,129
Ткаченко О. В.,129
Пташинський І. А.,129
Рогоза А. Ю.,129
Шуліка О. О.,129
Первушина О. С.,128
Скуляк І. А.,128
Боднар С. М.,128
Мартинов Є. О.,127
Квятковська Л. Й.,127
Алданова С.О.,127
Клименко С. М.,127
Веремчук О. А.,127
Нев'ядомський Д. В.,127
Лободзінський А. С.,127
Маслов В. В.,127
Михалюк В. О.,126
Акуленко В. В.,126
Андреїшина І.О.,126
Ходіч В. М.,126
Бойко Г. В.,126
Сушик Н. В.,126
Наставний Вячеслав Володимирович,126
Рукас М. С.,125
Кузнєцова О. А.,125
Крутій Ю. П.,125
Дубовик П. В.,125
Ковалюмнус Е. Л.,125
Даньков О. М.,124
Гецко Ю. Ю.,124
Гнисюк С.Д.,124
Фарина Л. Ю.,124
Непша О. І.,124
Журавська О. В.,124
Грицаюк Н. М.,123
Косцова І.П.,123
Луганський Юрій Миколайович,123
Новик В. П.,123
Радченко С. В.,123
Семенова О. С.,123
Скрипченко В.О.,123
Григор'єв Р. Г.,122
Іваніна Ю. В.,122
Кібенко Олена Рувімівна,122
Партика І. В.,121
Телешман О. В.,121
Зінченко О. В.,121
Музиченко В. О.,120
Суперсон С. П.,120
Зубець Ю. Г.,120
Скрипник К. О.,119
Ковалик Ю. А.,119
Стельмах І. О.,119
Бережна С. В.,119
Заполовський В. В.,119
Фомін Сергій Борисович,119
Чижиченко Д. В.,119
Крижова О. Г.,119
Незнамова І. М.,119
Желік Борис Євграфович,118
Стародуб О. Г.,118
Козачук О. М.,118
Коротенко Є. В.,118
Слива Юрій Михайлович,118
Савченко В. О.,118
Харечко Л. К.,117
Дедик В. П.,117
Метелешко О. В.,117
Перетятько О. В.,117
Оленчук І. В.,117
Бернада Є. В.,117
Зав'язун С. М.,117
Щербак А.А.,116
Кириляк А. Ю.,116
Адамович О. Й.,116
Мельник Володимир Васильович,116
Белоконна І. В.,115
Діонісьєва Н. М.,115
Кваша А. В.,115
Хома М. В.,115
Деделюк Б. В.,115
Гордійчук В. М.,114
Шевченко Г. С.,114
Мішеніна С. В.,114
Слісарчук Я. А.,114
Ломакін В. Є.,113
Шмигельський Д. І.,113
Ілюшик І. А.,113
Ємець Олександр Петрович,113
Яремко В. В.,112
Цимбалюк Л. П.,112
Нешик Р. І.,112
Кравець О.О.,112
Хрипун С. В.,112
Ткачук Олег Степанович,111
Кемінь В. Д.,111
Гулий В. П.,111
Сачук В. І.,111
Мойсак С. М.,110
Примаченко В. О.,110
Непорада О. М.,110
Ткаченко Л. Я.,110
Гуменний П. П.,110
Іваненко Ігор Володимирович,110
Мозолевська О. М.,110
М`якінченко Н. В.,109
Корсак В.А.,109
Слободянюк Б. К.,109
Ткачук Ю. А.,109
Колесніченко О. В.,109
Полюхович О. І.,109
Березовська І. В.,109
Загреба І. В.,108
Міщій О. Я.,108
Цендра Н. В.,108
Захарченко Д. В.,108
Лобанов В. А.,108
Булейко Ольга Леонідівна,107
Стрельников О. О.,107
Єремейчук Сергій Володимирович,107
Литовченко Н. О.,107
Тютюн Тетяна Миколаївна,106
Бойко В. І.,106
Сенчишин Ф. М.,106
Калініна О. В.,106
Гончар О. С.,106
Михайленко Д. Г.,105
Оседач М. М.,105
Тищенко О.В.,105
Ковальська І. А.,105
Ревер В. В.,105
Іванова Г. П.,104
Лисенко В. О.,104
Болюк І. І.,104
Гошовський Г. М.,104
Мандрик В. О.,104
Андріянова С. М.,104
Кравець С. В.,103
Марущак Н. М.,103
Дашутін І. В.,103
Шофаренко Ю. Ф.,102
Руденко Д. М.,102
Лазарів О. Б.,102
Чир П. В.,101
Спірідонова Т. В.,101
Кравченко Т.О.,101
Фирса Ю. В.,101
Тимченко С. О.,100
Стан І. В.,99
Рябоконь Є. А.,99
Шахова О. Г.,99
Старовецька Ю. В.,99
Крамар В. М.,99
Любинецька-Онілова А. Г.,99
Лісовенко П. І.,98
Левченко В. В.,98
Медюк С. О.,98
Шабельніков С. К.,98
Григорусь Н. Й.,98
Каблак П. І.,98
Гебеш С.А.,97
Батюк В. В.,97
Українець Людмила Дмитрівна,97
Суботін А. В.,97
Цімбота В. І.,97
Євсіков О.О.,97
Смола С.В.,96
Сєдих А. В.,96
Акуленко С. О.,96
Бобкова Н. В.,96
Тиха І. М.,95
Люклянчук В. Ф.,95
Охнач О. В.,95
Мартинюк Сергій Віталійович,95
Савкова С. В.,94
Ковтунович Микола Іванович,94
Лозицький С. О.,94
Левкут В.В.,94
Яцун О. О.,94
Підберезний Г. А.,93
Матущак М. С.,93
Іваницький О. Р.,93
Кабанова В. В.,93
Білик Г. О.,93
Зимовський О. С.,92
Тучинська Н. В.,92
Бондар В. В.,92
Цигура Н. А.,92
Антипець В. М.,91
Горб Ірина Михайлівна,91
Григор&'єва Ірина Вікторівна,91
Левків А. І.,91
Гаврилюк О.М.,91
Алєйніков В. О.,90
Мороз Валентин Федорович,90
Пікула Н. В.,90
Крет Галина Романівна,90
Ларіна О. В.,90
Галущенко О. І.,90
Лобода Н. В.,90
Шевченко В. Ю.,90
Гальонкін С. А.,89
О.М. Шилова,89
Сарновський В. Я.,89
Демчина Т. Ю.,88
Мельничук О. Я.,88
Зейкан Н.М.,87
Філюк П. Т.,87
Станік С.Р.,87
Бугрименко В. В.,87
Кваша І. М.,87
Бурденюк С. І.,87
Широка К. Ю.,87
Коломієць Н. О.,87
Вус Світлана Михайлівна,87
Габрієль Віктор Олександрович,86
Тополюк Є. В.,86
Бережний С. Д.,86
Кіянова С. В.,86
Кухаренко О. В.,86
Закревський Л.В.,85
Колегаєва С. В.,85
Широкоряд Р. В.,85
Ворожцов А.Г.,85
Михайленко В. В.,85
Святська Олена Володимирівна,85
Лозко Ю. П.,84
Червонописький В. С.,84
Малихіна В. В.,84
Барчук В. М.,84
Сізов Д. В.,84
Щепоткіна Валентина Володимирівна,83
Ващилін Р.О.,83
Козлов Д. О.,83
Воронько В. Д.,83
Рупак А. А.,83
Залізняк Р. М.,83
Криворученко Д. П.,83
Сусловець М. Г.,83
Місінкевич А. Л.,83
Сірик І. С.,83
Гончарова-Парфьонова О. О.,83
Анісімов Герман Миколайович,83
Бандура І. С.,82
Герман О. С.,82
Гетя Н.Г.,82
Кириленко Т. В.,82
Лівінський І. В.,82
Ходаківська І.П.,82
Чехов С. І.,82
Томилко В. П.,81
Кулеша Л. М.,81
Новов Сергій Олександрович,81
Кирильчук О. І.,80
Єфіменко В.В.,80
Копитова О.С.,80
Сапон А. В.,80
Наваляний Т. Д.,80
Капічон Ольга Миколаївна,80
Кияшко Олександр Анатолійович,80
Грушицький А. І.,80
Збитковська Т. І.,80
Павленко Оксана Петрівна,80
Шпинта М. Д.,80
Мамаєва О. В.,80
Шміло В. І.,79
Куракова В. В.,79
Телепенько А. Д.,79
Циктіч В. М.,79
Онуфрієв В. М.,79
Кузюра В. О.,79
Преснякова А. А.,78
Жмудь В. О.,78
Ніколаєва І. К.,78
Юрченко С. О.,78
Саландяк О. Я.,78
Поліщук А. С.,78
Владимиренко С.В.,78
Кічинська О. Ф.,78
Спринчук В. В.,78
Бондарчук Р. А.,78
Полосенко Василь Степанович,78
Швед Н. П.,77
Васильєва Маргарита Анатоліївна,77
Зіневич І. В.,77
Оборонова І.В.,77
Козловська Л. Д.,77
Вінтоняк Р. Я.,77
Стельмах А. П.,77
Чорненька Д. С.,77
Дячук С. І.,76
Федорова Н. О.,76
Батманова В. В.,76
Шестопалова Я. В.,76
Джулай О. Б.,76
Щербата Г. Р.,76
Ремез П. М.,75
Головей В.М.,75
Козачук С. В.,74
Бєдєлєв С. І.,74
Остапук Віктор Іванович,74
Шроль Валентин Ростиславович,74
Гладкий С. В.,73
Дряниця Ю. В.,73
Павлишин О. Ф.,73
Шевчук Л. П.,73
Проскурняк С. П.,72
Демидова А.М.,72
Кепкал Людмила Іванівна,71
Прищепа Т. П.,71
Заболотний В. М.,71
Шурупов В. В.,71
Антіпова Т. А.,70
Ткаченко Ю. В.,70
Самсін М. Л.,70
Гулак Н. А.,70
Мишинчук Н. С.,70
Німко Н. П.,69
Нагорнюк Ю. В.,69
Шовкопляс О. П.,69
Коцюрба Олександр Петрович,69
Калашник В. П.,69
Субботіна Л.О.,69
Ковтунович М.І.,69
Свінціцька Олена Петрівна,69
Костенко С. М.,68
Дзюбановський Ю. І.,68
Гончар В. М.,68
Щасна Т. В.,67
Рудніченко Оксана Миколаївн,67
Самойлович А. П.,67
Кононенко О. М.,67
Топчій Т. В.,67
Огурецький Василь Петрович,66
Лисенко В. В.,66
Ополинська І. Г.,66
Анциборенко Н. М.,66
Федоренко О. І.,66
Молочна І.С.,66
Сидорак Г. Б.,65
Кафтанов В. В.,65
Андрієнко В.В.,65
Борисюк Р. М.,65
Буцмак Ю. Є.,65
Гришин П. В.,65
Трясун Юрій Ростиславович,64
Федюшин М. В.,64
Гудима І. В.,64
Олексієнко І. С.,64
Аксьонов В. Є.,64
Іванов Д. Л.,64
Коляденко П. Л.,64
Щербань Л. С.,63
Шовкун В. О.,63
Коструба Г. І.,63
Ігнатов Роман Миколайович,63
Черкез Д. Л.,63
Самоткан Н. Г.,62
Нікітіна С. Й.,62
Дараган Л. В.,62
Броновицька О. В.,62
Яковлєва Л. В.,62
Нежура Вадим Анатолійович,62
Акостакіоає О. Т.,61
Миколюк Олександр Володимирович,61
Сакоян Д. І.,61
Швидкін А.О.,61
Степаненко Ю. А.,61
Поліщук С. В.,61
Коровайко О. І.,61
Жук Ольга Володимирівна,60
Комнацький О. В.,60
Кушнірова Т. Б.,60
Савкова І. М.,60
Щербаченко М. В.,60
Мануляк Ю.В.,60
Косик Л. Г.,59
Піндрак О. О.,59
Гайдай Раїса Миколаївна,59
Музика Я. М.,59
Рудь О. Г.,58
Балан М. В.,58
Поляков Б.М.,58
Мицак М. С.,57
Бурбела Ю. С.,57
Бабайлова Л. М.,57
Цицак В. Л.,57
Галіян Л. Є.,57
Отвіновський П. Л.,57
Кульбако М.М.,56
Холодова Т. Ю.,56
Линник В. Я.,55
Гриців Віра Миколаївна,55
Ющук О. С.,54
Боднар С. Б.,54
Поляк О.І.,54
Скорін А. В.,54
Ященко Ірина Юріївна,54
Тіслюк І. І.,54
Степанова С. В.,54
Бурдинюк О. С.,53
Болкарьова О. В.,53
Демченко О. В.,53
Шарапова О. Л.,53
Гусєва Н. Д.,53
Ясельський А. М.,53
Зубар Н. Б.,53
Хвіц Г. Й.,52
Маліновський Олег Адольфович,51
Голубкова М. А.,51
Лагода К. О.,51
Лунь Р. В.,51
Дорош В. В.,51
Юденко Тамара Миколаївна,51
Базан Л. Т.,51
Лисюк О. Д.,50
Слободянюк П. Л.,50
Жданова В. С.,50
Данькова С. О.,50
Строгий І. Л.,49
Храмцов В. Б.,49
Ребрина К. Г.,49
Болейко А. П.,49
Дубовік О. М.,48
Авраменко Микола Григорович,48
Савчук Р. І.,48
Демінська А. А.,47
Роїк Д. Я.,47
Єфтемій С. М.,47
Феєр І. С.,47
Ільїн Олег Володимирович,47
Третьякова О.О.,47
Тішко Д. А.,46
Потанін О. О.,46
Шаптала Є.Ю.,46
Глотов М. С.,46
Сітайло Олена Миколаївна,46
Бондаренко Н. О.,46
Міхієнкова Т. Л.,45
Зіміна Вероніка Борисівна,45
Кузюра М. М.,45
Чопенко Я. В.,45
Белена А. В.,45
Оздоба М. О.,45
Нікітін Д. Г.,44
Головатий В. Я.,44
Олійник А. В.,44
Савицький С. І.,44
Мосьондз Іван Анатолійович,42
Буймова Л. П.,42
Антощук С.І.,42
Федорак Л. М.,42
Т.С. Канигіна,41
Струбіцька О. М.,41
Люшня А. І.,41
Підгорний І. І.,41
Волошин С. В.,41
Маліновська-Микич О. В.,40
Данилів О. М.,40
Дідик А.В. А. В.,39
Хмельова С. М.,39
Журавель Олександр Олександрович,39
Онушко Н. М.,39
Вергелес В. О.,39
Шимон Л. С.,39
Літвінова О. Г.,39
К.С. Харакоз,39
Кифлюк В. Ф.,38
Нощенко І. С.,38
Рибалка Ю. В.,38
Потоцький В. П.,38
Старіков О. О.,38
Колотило О. О.,37
Струков О. М.,37
Хайдарова І. О.,37
Піскун О. П.,37
Мудрецький Р. В.,36
Дембіцька О. О.,36
Орел Анатолій Іванович,36
Стадник С. І.,36
Живоглядова І. К.,36
Марчак В. Я.,36
Калініченко Г. П.,36
Галапац І. І.,35
Кондаков Г. В.,35
Я.О. Левшина,35
Бєлоусов А. Є.,35
Мокрецький В. І.,35
Вовк Є. І.,35
Сілкова Ірина Миколаївна,35
Ігнатюк Олег Володимирович,35
Волошин Є. В.,35
Лекан І. Є.,35
Семенцов Юрій Вадимович,34
Гаєва Л. В.,34
Бунякіна Г.І.,34
Струс Т. В.,34
Черепахін В. О.,34
Калініч Н. І.,34
Трембач О. Л.,34
Дзюбін В'ячеслав Вікторович,34
Бойко А. В.,34
Береговий О. Ю.,33
Йосипчук О.С.,33
Гриненко Олександр Іванович,33
Бородій В. М.,33
Вітюк І. В.,33
Шевчик О. М.,32
Баєв С. М.,32
Погасій О. Ф.,32
Заворотна О. Л.,32
Семенюк К. М.,32
Дрига Андрій Миколайович,32
Ясінський Ю. А.,32
Тітова Т. П.,32
Гіда О. С.,31
Петров Р. І.,31
Колочко О. В.,31
Світлик О. М.,31
Костишин Н. Я.,31
Демчина Т.Ю.,30
Слободян В. С.,30
Гаврилюк В. К.,30
Панкулич В. І.,30
Кухарець В. М.,30
Горегляд О.І.,29
Квятковський Я. А.,29
Мантуляк Ю. В.,29
Карпенко О. В.,29
Осіпук В. В.,28
Грідіна Н. В.,28
Бойко О. В.,28
Коваль Ю. М.,28
Босняк М. М.,28
Горяєв І. М.,28
Мартишева Т. О.,28
Шешеня О.М.,28
Семенников О. Ю.,28
Ковальська Віра Володимирівна,28
Гірський Б. О.,27
Васянович Г. М.,27
Лободюк В. А.,27
Жуковська О. Ю.,27
Константинов Д. С.,27
Мірута О. А.,27
Кидисюк Р.А,27
Покатілов О. Б.,27
Чобур О. В.,27
Снітчук Р.М.,26
Чорний Олександр Миколайович,26
Савич Ю. М.,26
Бойчук А. Ю.,26
Юшков М. М.,26
Янчук Н. П.,26
Швед С.Б.,26
Ісаков Д. О.,25
Тарасенко Н. В.,25
Хейло Я. В.,25
Сивак В. М.,25
Д'яченко Д.О.,24
Драч І. В.,24
Навроцький В. А.,24
Станковська Г. А.,24
Под'ячева І. Д.,24
Батрак В. В.,23
Скотар Р. Є.,23
Сікора О. О.,23
Рябчун О. В.,22
О.В. Говорун,22
Олійник І. В.,22
Яковенко І. І.,22
Патраманський І. О.,22
Луганський Ю. М.,21
Сокол Ф. Г.,21
Савенко А. І.,21
Прібилов В. М.,21
Чорна В. В.,21
Покидюк В. М.,21
Кущ Т. М.,21
Савранський Т. А.,21
Cалай Г. А.,20
Л.В. Ніколаєва,20
Усенко С. І.,19
Зайченко Є. О.,19
Незнамова І.М.,19
Гопкін П. В.,19
Антонюк Наталія Олегівна,18
Бацуца Т. М.,18
Зебелян Н. В.,18
Содомора Р. О.,18
Балацька Галина Олександрівна,18
Хомініч С. В.,18
Власов Юрій Леонідович,17
Сидорова М. В.,17
Фоміна Ю. В.,16
Петейчук Б. М.,16
Сергієнко Г. Л.,16
Решетник Т. О.,15
Гавенко О. Л.,15
Дмитрук Н. Ю.,15
Волчек Н. Ю.,15
Єремейчук С. В.,15
Барабанова В. В.,15
Курбатова І. Л.,15
Лопатіна М. Ю.,14
Кравчук О. О.,14
Панаід І. В.,14
Торська І. В.,14
Якішина О. М.,14
Гладій Л. М.,13
Скрипка О. В.,13
Домарєва Н. В.,13
Гавриленко Т. Г.,12
Бочко,12
Савчак А. В.,12
Крук Є. В.,12
Болотін С. М.,12
Воєвідко Я. І.,12
Висоцька Г. В.,12
Рощина Т. С.,12
Никифоров А. С.,12
Григор'єва Ірина Вікторівна,12
Марчук В. Т.,12
Гонтаренко Т. М.,11
Ратушенко О. М.,11
Васильковський В. В.,11
Позняк В. М.,10
Якимчук Л.М.,10
Стефанишин М. М.,10
Вотьканич Ф. А.,10
Савчак С. П.,10
Крєпкий С. І.,10
Палей О.С.,9
Овсянніков В. С.,9
Шашуріна Г. О.,9
Разгуляєва О. В.,9
Кузьмінський О. В.,9
Сікора К. О.,9
Кривка В.П.,9
Гончаренко О. В.,8
Белах А. В.,8
Івашкович І.В.,8
Андрущенко О. Ю.,8
Шкодін Я. В.,8
Гришин Г. А.,8
Чопик О. П.,8
Ногачевський В. В.,8
Овчаренко О. Л.,8
Русняк В.С.,8
Романюк М. Ф.,8
Адамов А. С.,8
Федів Л. М.,7
Костенко Лариса Андріївна,7
Таус М. М.,7
Чорна Валерія Вікторівна,7
Вальчук В. В.,7
Білоус І. О.,7
Бобрик Г.Й.,7
Жизнєвський Ю. В.,7
Салькова В. С.,7
Д'яков В.І.,7
Добрєв М. В.,7
Михальченко А. О.,6
Ячало Ю. І.,6
Орлова С. Ф.,6
Косолап М. М.,6
Галабала М. В.,6
Гайдар І. О.,6
Давній В. П.,6
Оприск З. Л.,5
Мокану В.В.,5
Задорожна Л. І.,5
Мальцев С. О.,5
Котормус Т. І.,5
Корнєєва В. В.,5
Федоренко Т. І.,5
Ваврів І. З.,5
Чистик І. О.,5
Валігурська Л. В.,5
Кадар Й.Й.,5
Гєрцик Р. В.,5
Мінів О. І.,5
Зосименко О. М.,5
Безсмолий Є. Б.,4
Яновська Олександра Григорівна,4
Шевцова Т. В.,4
Фролов В.Д.,4
Гаполяк Т. В.,4
Малаховська І. Б.,4
Карабак Л. Г.,4
Журавчак Л.С.,4
Римар І. А.,4
Томілін О. М.,4
Денисюк І. І.,4
Цуранов А. Ю.,4
Кузнецов Д. В.,4
Корицька В.О.,3
Махно Н. В.,3
Британчук Володимир Васильович,3
Карпинець В.І.,3
Добриднюк Н. О.,3
Кулик Є. В.,3
Горобець В. Л.,3
Захожай О.І.,3
Шаронова Н. О.,3
Бойчук І.В.,3
Бак М. Д.,3
Солоха О. В.,3
Федоров О. В.,2
Яковенко Н. М.,2
Мирошникова О. Ш.,2
Цховребова М.Г.,2
Тарасевич П. П.,2
Бистрова Л. О.,2
Головачов Я.В.,2
Піхало Н. В.,2
Рибій М. Г.,2
Кашуба А. В.,2
Єленіна Жанна Миколаївна,2
Шкиря В. М.,2
Таргоній Д.О.,2
Матюхін В.І.,2
Троян Т. Є.,2
Пальчик О. О.,2
Журавльов О.Г.,2
Кондратова І. Д.,2
Богданова О. Е.,2
Дмитрієва О.О.,2
Колодяжний А. О.,2
Майна Г. Є.,2
Євтушенко П. М.,2
Лисак І.Н.,2
Рейті Сергій Іванович,2
Лобойко Леонід Миколайович,2
Васильченко Т.В.,2
Ікорська Є. С.,2
Танасевич О. В.,2
Гайдук А. Л.,1
Мамалуй М. В.,1
Гелета С.М.,1
Пилипчук Н.П.,1
Голосеніна Т. В.,1
Светлічний Ю.В.,1
Висоцька Н.В.,1
Соколова В. В.,1
Прасов О.О.,1
Розізнана Інна Вікторівна,1
Данішевська Валентина Іванівна,1
Меєчко О. М.,1
Дубас В. М.,1
Партика І.В.,1
Гринь О. М.,1
Паленик І.Г.,1
Романько О. О.,1
Овсеп’ян Т. В.,1
Головатюк Л.Д.,1
Телегуз С. М.,1
Ткач О.І.,1
Марценюк С. А.,1
Журба С.О.,1
Цяцяк Р.П.,1
Давидовська Т. В.,1
Рунов В.Ю.,1
Матущак М.С.,1
Масенко Д.Є.,1
Гошовський Г.М.,1
Савченко Григорій Іванович,1
Рудюк О. Ю.,1
Євстафіїв О. К.,1
Коліуш О. Л.,1
Шитченко Н.В.,1
Костенко В.Г.,1
Фрич Т.В.,1
Боброва І.О.,1
Мазурчак В. М.,1
Данилюк Т. М.,1
Зубов,1
Денисюк Т. В.,1
Василяка К.Л.,1
Певна О. С.,1
Тучков С. С.,1
Тютюник М.С.,1
Трясун Ю.Р.,1
Шелест С. Б.,1
Кушнова Альона Олександрівна,1
Лісовий О. О.,1
